{
    "train_losses": [
        1.7396206835396277,
        1.3891407553626598,
        1.2624834188368923,
        1.1727457104245478,
        1.0985088769526912,
        1.0406669232240766,
        0.9887780791673896,
        0.9399480007992168,
        0.9036635061954164,
        0.8645945863846027,
        0.8248679223563252,
        0.7854327595132033,
        0.7545517163398936,
        0.7255949534242306,
        0.6959439468519631
    ],
    "valid_losses": [
        1.4858937561511991,
        1.2941619306802752,
        1.1891780138015746,
        1.131247843801975,
        1.0687022611498833,
        0.9782306686043739,
        0.9594751358032226,
        0.8906011074781417,
        0.8633501082658768,
        0.8262019336223602,
        0.7860592201352119,
        0.7505447641015053,
        0.7232305750250817,
        0.671677954494953,
        0.6466227523982526
    ],
    "train_accs": [
        0.3722177706552703,
        0.4983084045584045,
        0.5474982193732195,
        0.5828436609686611,
        0.6099982193732192,
        0.6325454059829059,
        0.6495503917378911,
        0.6689369658119658,
        0.6838051994301992,
        0.697449252136752,
        0.7120503917378908,
        0.7286769943019938,
        0.7368011039886035,
        0.7478855056980054,
        0.7578570156695156
    ],
    "valid_accs": [
        0.469921875,
        0.5402343749999999,
        0.5787109375,
        0.6050781250000001,
        0.6201171875,
        0.6593749999999999,
        0.6636718749999999,
        0.6921874999999998,
        0.7058593750000002,
        0.7136718749999998,
        0.725,
        0.745703125,
        0.7531249999999999,
        0.7728515625000001,
        0.7781250000000001
    ],
    "test_loss": 0.9568056886709183,
    "test_acc": 0.6714794303797469
}