{
    "train_losses": [
        1.4413624986624105,
        0.940411941108542,
        0.7274827609035026,
        0.6061549189253757,
        0.5244620950982779,
        0.4644985202370884,
        0.41835954220716093,
        0.38282586090754933,
        0.3515149830837875,
        0.3204454184003026,
        0.2922661917501705,
        0.26915191368669517,
        0.24667186956544895,
        0.2217886364060928,
        0.21508278795372068
    ],
    "valid_losses": [
        1.0810383483767512,
        0.9646667271852493,
        0.8676222652196881,
        0.6523867189884187,
        0.4858446478843689,
        0.46405912190675735,
        0.4894922092556954,
        0.3827082425355911,
        0.354261189326644,
        0.27071376480162146,
        0.26510532945394516,
        0.29269870147109023,
        0.18024424836039546,
        0.22983880899846548,
        0.15463578235357997
    ],
    "train_accs": [
        0.4769408831908835,
        0.6654202279202276,
        0.7433671652421643,
        0.7898192663817658,
        0.8185541310541298,
        0.8375400641025632,
        0.8549234330484332,
        0.8671874999999996,
        0.8778712606837608,
        0.8887108262108272,
        0.8986600783475777,
        0.9073183760683747,
        0.9135950854700846,
        0.9219862891737878,
        0.9246572293447287
    ],
    "valid_accs": [
        0.6136718749999999,
        0.6820312500000002,
        0.70625,
        0.7783203125000001,
        0.8332031249999999,
        0.8460937499999998,
        0.8322265625,
        0.8701171874999999,
        0.8781249999999999,
        0.9087890624999999,
        0.9080078125000001,
        0.9007812500000001,
        0.9408203124999999,
        0.9191406249999999,
        0.9457031249999999
    ],
    "test_loss": 0.36613529826266855,
    "test_acc": 0.8830102848101266
}