{
    "train_losses": [
        1.5860362690548568,
        1.1142145644786745,
        0.8853128552436829,
        0.7389236605444618,
        0.639082157334616,
        0.5703931561736174,
        0.5124156648336455,
        0.46030251161996716,
        0.42128246190936064,
        0.39724420530851506,
        0.3558649649453716,
        0.3305044243502062,
        0.3079821689184322,
        0.2819015858478324,
        0.256827739435573
    ],
    "valid_losses": [
        1.3467422246932985,
        0.9890396237373351,
        0.9533730030059815,
        0.7836046814918518,
        0.7084943532943726,
        0.6315941095352173,
        0.5961382150650024,
        0.4904820501804352,
        0.47024188637733455,
        0.3622684121131897,
        0.32689106464385986,
        0.4173849761486053,
        0.3370601534843445,
        0.3253715574741364,
        0.26493321955204013
    ],
    "train_accs": [
        0.425281613372093,
        0.59776980377907,
        0.6884311409883721,
        0.7413017805232557,
        0.7778206758720928,
        0.8006676962209303,
        0.8211073764534883,
        0.8394349563953489,
        0.8540379723837209,
        0.8615779433139533,
        0.8762718023255813,
        0.8847202034883721,
        0.8909883720930233,
        0.9025935683139533,
        0.9104287790697672
    ],
    "valid_accs": [
        0.5086335062980651,
        0.6393597841262817,
        0.6614162802696228,
        0.7390625000000001,
        0.7633573055267334,
        0.7840068459510804,
        0.7931052923202515,
        0.8296667575836181,
        0.8338979482650758,
        0.8705078125000001,
        0.8855572462081909,
        0.8601441502571104,
        0.8855192184448243,
        0.8889950871467589,
        0.9064556837081909
    ],
    "test_loss": 0.5905620396137238,
    "test_acc": 0.818951290845871
}