{
    "train_losses": [
        2.9038509425953936,
        1.7681939917751852,
        1.607957723473552,
        1.512146342513908,
        1.4434601156799889,
        1.384473674996965,
        1.2923459364817689,
        1.2753018998352548,
        1.1938555328934286,
        1.1650057699945249,
        1.1305271529743819,
        1.118265997650277,
        1.0726484386329973,
        1.0543348784120674,
        1.049626655048794
    ],
    "valid_losses": [
        1.8820740610361097,
        1.6768952280282974,
        1.5181462585926055,
        1.4691745907068254,
        1.395322847366333,
        1.2436644107103345,
        1.271361342072487,
        1.2708257034420967,
        1.202444112300873,
        1.172771781682968,
        1.080167780816555,
        1.1344697177410124,
        0.9990182414650917,
        1.0732421979308127,
        1.0999305665493013
    ],
    "train_accs": [
        0.20775462962962954,
        0.3446180555555553,
        0.40825320512820473,
        0.44655893874643865,
        0.4751602564102566,
        0.4973290598290597,
        0.5322293447293447,
        0.5425792378917383,
        0.5740963319088321,
        0.5863158831908832,
        0.5980235042735044,
        0.6039218304843307,
        0.6198806980056976,
        0.6278712606837605,
        0.6279602920227916
    ],
    "valid_accs": [
        0.3095703125,
        0.37910156250000004,
        0.44335937500000017,
        0.468359375,
        0.4953124999999999,
        0.5582031250000001,
        0.5275390624999999,
        0.5476562500000001,
        0.581640625,
        0.5890624999999999,
        0.6232421874999999,
        0.6210937499999998,
        0.6492187500000001,
        0.6275390624999998,
        0.6236328125
    ],
    "test_loss": 1.1598141019857386,
    "test_acc": 0.5959256329113924
}