{
    "train_times": [
        20.189006567001343,
        18.937047719955444,
        18.980655908584595,
        18.980771780014038,
        18.97054672241211,
        18.9488787651062,
        18.951573133468628,
        18.728038549423218,
        18.71296739578247,
        18.724703788757324,
        18.7321994304657,
        18.723875999450684,
        18.72184181213379,
        18.698599100112915,
        18.753422737121582
    ],
    "valid_times": [
        0.9711434841156006,
        0.9598031044006348,
        0.9524068832397461,
        0.9789013862609863,
        0.9555153846740723,
        0.9534652233123779,
        0.9380781650543213,
        0.9409124851226807,
        0.9437003135681152,
        0.9446356296539307,
        0.9433574676513672,
        0.9402966499328613,
        0.9421436786651611,
        0.9419658184051514,
        0.9443206787109375
    ],
    "train_losses": [
        1.591171040494217,
        1.222951294180335,
        1.059154304004462,
        0.9502893232891709,
        0.8806571717615483,
        0.8202262318711672,
        0.7691367258373493,
        0.7251098409846972,
        0.6758411913855462,
        0.6360391556707207,
        0.5854198512358546,
        0.5540971142104549,
        0.5122278612903041,
        0.4718873279216957,
        0.4359599539527184
    ],
    "valid_losses": [
        1.3324473947286608,
        1.1545209467411044,
        0.9893063798546794,
        0.8462847769260406,
        0.7955824702978135,
        0.7561494708061219,
        0.7462825983762741,
        0.6757312566041948,
        0.6405378639698028,
        0.617948555201292,
        0.5019533589482307,
        0.5266242362558842,
        0.4328939512372017,
        0.4352633640170099,
        0.4003761194646358
    ],
    "train_accs": [
        0.4194711538461536,
        0.5616542022792022,
        0.624666132478633,
        0.6626825142450142,
        0.6886796652421645,
        0.70980235042735,
        0.7298121438746438,
        0.7416087962962952,
        0.7623085826210829,
        0.7769319800569806,
        0.7938701923076915,
        0.805533297720797,
        0.8183092948717939,
        0.8342013888888886,
        0.8455306267806264
    ],
    "valid_accs": [
        0.512890625,
        0.592578125,
        0.646484375,
        0.7062500000000002,
        0.7234374999999997,
        0.7398437499999997,
        0.7419921875000001,
        0.7595703125000003,
        0.7749999999999999,
        0.7822265625000001,
        0.8291015625,
        0.8117187499999999,
        0.8521484374999999,
        0.8443359375000001,
        0.8609375
    ],
    "test_loss": 0.7472269693507422,
    "test_acc": 0.7516811708860758
}