{
    "train_losses": [
        1.4296929904784283,
        0.9900458585256817,
        0.7846086922733267,
        0.6758833376840612,
        0.5882051374720427,
        0.5266908249635806,
        0.4803029596805572,
        0.4380206852808767,
        0.3935223019671167,
        0.36018524019197484,
        0.33212221096987005,
        0.30358623207985663,
        0.286848781095154,
        0.26802671880557627,
        0.2444267267810887
    ],
    "valid_losses": [
        1.138652741909027,
        0.8403833925724029,
        0.7666853129863739,
        0.6903445661067963,
        0.6351449072360993,
        0.5081073552370071,
        0.46685838699340826,
        0.5179909408092499,
        0.3527249157428742,
        0.4549758285284043,
        0.43737273514270775,
        0.40767787098884584,
        0.28089344054460524,
        0.24199582338333128,
        0.21003262996673588
    ],
    "train_accs": [
        0.47891971982758635,
        0.646417025862069,
        0.7244746767241378,
        0.7618309985632182,
        0.7963362068965518,
        0.8170123922413792,
        0.8321434985632187,
        0.8468705100574712,
        0.8631241020114941,
        0.8751122485632182,
        0.8831716954022988,
        0.8948230962643675,
        0.9011763649425287,
        0.906811242816092,
        0.9165993175287355
    ],
    "valid_accs": [
        0.5866549730300904,
        0.7093550682067872,
        0.7313018143177034,
        0.761328125,
        0.7778220653533935,
        0.8247528672218323,
        0.8406887710094453,
        0.8185786008834838,
        0.8764309585094451,
        0.8435307681560517,
        0.8461136758327483,
        0.8615872085094453,
        0.9039779961109162,
        0.9146125614643097,
        0.9292012095451355
    ],
    "test_loss": 0.5007990702986718,
    "test_acc": 0.8449391096830369
}