{
    "train_times": [
        18.05199384689331,
        16.07731819152832,
        15.841546058654785,
        15.79428219795227,
        15.926275968551636,
        16.078675508499146,
        15.972126007080078,
        15.858771800994873,
        15.932095050811768,
        15.898575782775879,
        15.849063396453857,
        15.886788368225098,
        15.700028419494629,
        15.798498392105103,
        15.908134698867798
    ],
    "valid_times": [
        0.7872202396392822,
        0.7963993549346924,
        0.809556245803833,
        0.8155028820037842,
        0.7845046520233154,
        0.839709997177124,
        0.8231611251831055,
        0.8337998390197754,
        0.8019955158233643,
        0.8305726051330566,
        0.7900547981262207,
        0.7981631755828857,
        0.7861044406890869,
        0.8584625720977783,
        0.7919888496398926
    ],
    "train_losses": [
        1.6594569961569587,
        1.3230847979542877,
        1.1959638758602313,
        1.1025487918120176,
        1.0331560672178564,
        0.976517965481152,
        0.9242262244224553,
        0.8869292129818186,
        0.8466270958256513,
        0.8203469020688634,
        0.7937797661180849,
        0.7683008562805307,
        0.7475983867278463,
        0.7221996145710309,
        0.7068559118145884
    ],
    "valid_losses": [
        1.4564358949661256,
        1.2512981146574023,
        1.1321662843227387,
        1.0398237466812132,
        0.9739722102880478,
        0.9398536920547486,
        0.8854324147105217,
        0.8850029170513154,
        0.8070094972848892,
        0.8124341130256655,
        0.7681661218404768,
        0.7420874044299125,
        0.686469978094101,
        0.7184350684285161,
        0.7544630497694013
    ],
    "train_accs": [
        0.3885995370370372,
        0.5207443019943021,
        0.5712918447293445,
        0.6052127849002851,
        0.6314547720797723,
        0.6519987535612534,
        0.6711182336182331,
        0.6860532407407409,
        0.7011217948717946,
        0.7089788105413101,
        0.719128383190883,
        0.7273637820512822,
        0.7323940527065514,
        0.7433671652421642,
        0.7479300213675208
    ],
    "valid_accs": [
        0.4771484374999999,
        0.5494140625,
        0.5982421875000001,
        0.6324218749999999,
        0.6515625000000003,
        0.6621093750000001,
        0.6949218750000001,
        0.69453125,
        0.7183593750000001,
        0.7121093749999999,
        0.7298828125,
        0.7384765625000002,
        0.7539062499999999,
        0.7466796874999999,
        0.7371093750000002
    ],
    "test_loss": 0.8646918580501894,
    "test_acc": 0.7010482594936707
}