{
    "train_losses": [
        1.5911712323838145,
        1.2229512960482873,
        1.0591549559196516,
        0.9502891071161993,
        0.880657614635946,
        0.8202267727281295,
        0.7691373724883096,
        0.7251123304550466,
        0.6758417930358498,
        0.6360381929113653,
        0.5854203885267263,
        0.5540983619173709,
        0.5122295634189559,
        0.47188193879575857,
        0.43595836997202025
    ],
    "valid_losses": [
        1.332449048757553,
        1.154522104561329,
        0.9893164515495301,
        0.8462830260396002,
        0.7955862015485763,
        0.7561498031020165,
        0.7462814182043074,
        0.6757337704300881,
        0.6405326090753077,
        0.6179837882518766,
        0.5019569210708141,
        0.5266115784645081,
        0.4328952834010123,
        0.43528129607439037,
        0.40035977512598037
    ],
    "train_accs": [
        0.4194711538461536,
        0.56167646011396,
        0.624666132478633,
        0.6626825142450142,
        0.6886796652421645,
        0.70980235042735,
        0.7298566595441595,
        0.7416533119658109,
        0.7623085826210828,
        0.7769097222222228,
        0.7938924501424494,
        0.8055555555555548,
        0.8183092948717939,
        0.8341346153846152,
        0.8455083689458684
    ],
    "valid_accs": [
        0.5130859375000001,
        0.592578125,
        0.64609375,
        0.7062500000000002,
        0.7234374999999997,
        0.7398437499999997,
        0.7419921875000001,
        0.7595703125000003,
        0.7749999999999999,
        0.7822265625000001,
        0.8291015625,
        0.8117187499999999,
        0.8519531249999999,
        0.8443359375000001,
        0.8609375
    ],
    "test_loss": 0.7472131493725357,
    "test_acc": 0.7519778481012658
}