{
    "train_losses": [
        2.034464100487212,
        1.890567292854657,
        1.7752615773779714,
        1.6623761110495983,
        1.5758207414904195,
        1.5064759152567284,
        1.4539735232323328,
        1.4139873787888098,
        1.3756193893927104,
        1.3436571454730135,
        1.3136896146328703,
        1.287346973378434,
        1.261873790341565,
        1.2373877497140504,
        1.2181467305221454
    ],
    "valid_losses": [
        1.9657880574464797,
        1.8540967047214505,
        1.7296232193708416,
        1.6307620942592618,
        1.539896020293236,
        1.5034880250692366,
        1.4299122333526613,
        1.417773726582527,
        1.3904877543449403,
        1.3564622163772584,
        1.3135880321264264,
        1.3127237379550938,
        1.2628409296274183,
        1.2399615108966828,
        1.2436757132411005
    ],
    "train_accs": [
        0.24634971509971468,
        0.3130787037037036,
        0.3580395299145293,
        0.4002849002849004,
        0.43017717236467173,
        0.4543491809116808,
        0.47288995726495725,
        0.487735933048433,
        0.5035389957264956,
        0.5149572649572651,
        0.526798433048433,
        0.5353454415954417,
        0.5467191951566954,
        0.5540642806267805,
        0.5637686965811968
    ],
    "valid_accs": [
        0.28535156249999993,
        0.338671875,
        0.37402343750000006,
        0.41718750000000016,
        0.4533203124999998,
        0.4644531250000001,
        0.48613281250000007,
        0.5041015625000002,
        0.504296875,
        0.5166015625,
        0.52734375,
        0.5310546874999997,
        0.5556640624999999,
        0.562890625,
        0.5523437500000002
    ],
    "test_loss": 1.2576040693476231,
    "test_acc": 0.540743670886076
}