{
    "train_losses": [
        1.5911774299083612,
        1.2229439505824333,
        1.0591633768163187,
        0.9502481359701894,
        0.8806796403352348,
        0.8202773155989476,
        0.7691682799589259,
        0.7252505807964889,
        0.6759104985966643,
        0.6359583966412772,
        0.5848796005092795,
        0.5541357540676737,
        0.5125905166664019,
        0.4714970294057133,
        0.4358994742574176
    ],
    "valid_losses": [
        1.3325168937444687,
        1.1545570835471155,
        0.9905033975839614,
        0.8463915929198266,
        0.7957140102982522,
        0.7561033323407171,
        0.7465952754020693,
        0.674102945625782,
        0.6394397154450417,
        0.6181913495063781,
        0.5016009047627448,
        0.5280174903571605,
        0.4341777913272382,
        0.43576524630188945,
        0.4102500662207603
    ],
    "train_accs": [
        0.4194488960113958,
        0.5616764601139598,
        0.6246661324786328,
        0.6628160612535613,
        0.6887019230769224,
        0.7095129985754985,
        0.7295450498575495,
        0.7420094373219364,
        0.7619079415954413,
        0.777621972934473,
        0.7938479344729336,
        0.8056668447293447,
        0.8179086538461532,
        0.8342459045584041,
        0.8449074074074067
    ],
    "valid_accs": [
        0.512890625,
        0.592578125,
        0.6474609375,
        0.7068359375000001,
        0.7242187499999999,
        0.7402343750000001,
        0.7423828124999999,
        0.7613281250000004,
        0.7730468750000002,
        0.7800781250000001,
        0.8277343750000002,
        0.8109375000000001,
        0.8480468749999999,
        0.842578125,
        0.8562499999999998
    ],
    "test_loss": 0.7554975680158108,
    "test_acc": 0.7480221518987341
}