{
    "train_losses": [
        1.8096969853872544,
        1.3768746537723762,
        1.2162942763032587,
        1.108111012256008,
        1.020093452656406,
        0.9533342129882725,
        0.8928715600364512,
        0.8370166311318844,
        0.7971108089918377,
        0.7508380830973042,
        0.7103823245256796,
        0.6739568621262737,
        0.6414204945509463,
        0.5981609934362873,
        0.5678346273542819
    ],
    "valid_losses": [
        1.5640918135643007,
        1.2561993241310119,
        1.102951455116272,
        1.0242095351219176,
        0.9732610464096069,
        0.8657615423202517,
        0.8687441647052765,
        0.7974379479885101,
        0.7578813195228578,
        0.70872061252594,
        0.6354148328304291,
        0.6685259819030762,
        0.5929564058780671,
        0.5947180926799776,
        0.5426245570182799
    ],
    "train_accs": [
        0.3419764727011494,
        0.5014367816091954,
        0.5630387931034484,
        0.6040544181034484,
        0.6370779454022989,
        0.6597970545977011,
        0.6839753951149422,
        0.7015759698275863,
        0.7194010416666664,
        0.7343301005747125,
        0.749034662356322,
        0.7605064655172413,
        0.773280352011494,
        0.7887257543103445,
        0.799030172413793
    ],
    "valid_accs": [
        0.43465800285339357,
        0.5419921875,
        0.6015704691410065,
        0.6426857471466064,
        0.658203125,
        0.6997688114643096,
        0.7008490085601806,
        0.7208147287368774,
        0.7344387769699098,
        0.7513392865657806,
        0.7780054211616517,
        0.7726522624492645,
        0.7902463316917417,
        0.7890146672725676,
        0.8114277720451355
    ],
    "test_loss": 0.7851483613252641,
    "test_acc": 0.7285845577716829
}