{
    "train_losses": [
        1.6800450434003555,
        1.2735536561693463,
        1.1230929807254246,
        1.0133467490332468,
        0.9376342691693987,
        0.8679324732507979,
        0.8129160833358768,
        0.7624283807618275,
        0.7156628543989997,
        0.6751247903278899,
        0.6389755283083235,
        0.6008526217937468,
        0.5674293296677725,
        0.5242007999760764,
        0.48803918072155544
    ],
    "valid_losses": [
        1.424913400411606,
        1.1982213497161864,
        1.0488101273775101,
        1.0240998446941376,
        0.8739854395389556,
        0.845675429701805,
        0.7679589688777925,
        0.730801683664322,
        0.6576767325401305,
        0.6104073584079741,
        0.6095475912094116,
        0.567761866748333,
        0.535845622420311,
        0.46050247550010687,
        0.42318896800279615
    ],
    "train_accs": [
        0.3867187499999999,
        0.5414285714285715,
        0.5997098214285712,
        0.6392633928571426,
        0.6683258928571424,
        0.692901785714286,
        0.7131250000000002,
        0.7292857142857144,
        0.7456696428571434,
        0.7604687500000001,
        0.7717410714285714,
        0.7891071428571427,
        0.7983928571428566,
        0.8145982142857139,
        0.8268749999999994
    ],
    "valid_accs": [
        0.4820542275905609,
        0.5701286762952805,
        0.6328354775905608,
        0.634650734066963,
        0.6943244487047194,
        0.7044577211141585,
        0.7264591008424758,
        0.7452665448188781,
        0.7675321698188782,
        0.7865808814764023,
        0.7818129599094391,
        0.7921300560235977,
        0.8105583637952805,
        0.8384191185235977,
        0.8540556073188782
    ],
    "test_loss": 0.7244557321071623,
    "test_acc": 0.7529296875000002
}