{
    "train_times": [
        27.33023715019226,
        26.686824560165405,
        26.734390258789062,
        26.748649835586548,
        26.853371381759644,
        26.418602466583252,
        27.88491129875183,
        28.12644052505493,
        35.58309769630432,
        36.606555461883545,
        36.85980820655823,
        36.85482835769653,
        36.96376967430115,
        37.25649952888489,
        37.0514554977417
    ],
    "valid_times": [
        1.3291716575622559,
        1.202418565750122,
        1.2403953075408936,
        1.3508107662200928,
        1.3100934028625488,
        1.3601469993591309,
        1.3945682048797607,
        1.3441805839538574,
        1.7288949489593506,
        1.6637217998504639,
        1.777909517288208,
        1.7344303131103516,
        1.68497896194458,
        1.7183072566986084,
        1.784015417098999
    ],
    "train_losses": [
        1.591177137149365,
        1.2229439218839016,
        1.0591609717434285,
        0.9502514689056963,
        0.8806826156428733,
        0.8202737192822318,
        0.7691605690537696,
        0.7252466400124753,
        0.6759122918304219,
        0.6359583885751219,
        0.5848804697861364,
        0.5541313725319347,
        0.5126054040726774,
        0.47150256431680104,
        0.4358940422959474
    ],
    "valid_losses": [
        1.3325144708156584,
        1.1545554846525192,
        0.9904863804578781,
        0.8463891834020614,
        0.795715796947479,
        0.7561382457613944,
        0.7465999275445936,
        0.6741627290844917,
        0.6394857160747051,
        0.6182161763310433,
        0.5015581637620925,
        0.527884843200445,
        0.43434878438711166,
        0.4360914491117,
        0.41019478961825373
    ],
    "train_accs": [
        0.4194488960113958,
        0.5616542022792019,
        0.6246883903133907,
        0.6628383190883191,
        0.6887019230769224,
        0.7096020299145299,
        0.7294782763532759,
        0.7418758903133894,
        0.7619301994301992,
        0.7775329415954417,
        0.79378116096866,
        0.8057558760683762,
        0.8177305911680905,
        0.8341346153846151,
        0.8450186965811961
    ],
    "valid_accs": [
        0.512890625,
        0.592578125,
        0.6478515625000001,
        0.7068359375000001,
        0.72421875,
        0.7402343750000001,
        0.7421875,
        0.7615234375000004,
        0.7730468750000004,
        0.7798828125,
        0.8275390625000002,
        0.8113281250000001,
        0.8482421874999998,
        0.8423828124999999,
        0.8568359374999999
    ],
    "test_loss": 0.7554821696462513,
    "test_acc": 0.7482199367088607
}