{
    "train_losses": [
        1.9399004851990629,
        1.589339500478868,
        1.4388325907226303,
        1.3373644022520443,
        1.2623155273263607,
        1.1977878861617497,
        1.1449379836052573,
        1.0948878991977447,
        1.051384373947426,
        1.0117323181228421,
        0.9691302311046852,
        0.9371800782673726,
        0.9050784187439157,
        0.8785382091489609,
        0.8464538030474951
    ],
    "valid_losses": [
        1.6955963551998139,
        1.486871531605721,
        1.3619719594717026,
        1.2920747607946395,
        1.245510536432266,
        1.1466507837176323,
        1.1420129954814908,
        1.0569393634796143,
        1.022439390420914,
        0.9851545751094819,
        0.9096627295017242,
        0.9010707318782806,
        0.8726206727325915,
        0.8480559617280957,
        0.8132276177406311
    ],
    "train_accs": [
        0.30217236467236447,
        0.42583689458689467,
        0.4803463319088322,
        0.517361111111111,
        0.5505030270655269,
        0.5702457264957267,
        0.5906561609686609,
        0.6109553062678059,
        0.6250890313390307,
        0.6382656695156689,
        0.655092592592592,
        0.6672898860398851,
        0.6785078347578349,
        0.6898593304843305,
        0.7002759971509964
    ],
    "valid_accs": [
        0.3931640624999999,
        0.46914062500000003,
        0.50703125,
        0.5345703125,
        0.5607421875,
        0.5982421874999999,
        0.5998046875,
        0.6287109375,
        0.6374999999999998,
        0.6484375,
        0.6794921875000001,
        0.6832031249999999,
        0.6912109375,
        0.701171875,
        0.710546875
    ],
    "test_loss": 0.9349786609033998,
    "test_acc": 0.6691060126582278
}