{
    "train_losses": [
        1.735736203329515,
        1.4174578987974735,
        1.2991944514108866,
        1.2181706883628838,
        1.1577530559311568,
        1.1064625093739935,
        1.063912855084466,
        1.0303647414571537,
        0.9989343097067289,
        0.9652682936768925,
        0.9300770348633116,
        0.9112591103271201,
        0.875594304327952,
        0.8540152217927482,
        0.8372075919412144
    ],
    "valid_losses": [
        1.539636331796646,
        1.3590611815452576,
        1.2936017304658889,
        1.1657890915870666,
        1.1108712017536162,
        1.0782040268182758,
        1.0240762293338774,
        1.0122467026114463,
        1.0040156528353692,
        0.9741846144199376,
        0.9260070711374282,
        0.8809296593070031,
        0.852532534301281,
        0.8276933357119561,
        0.8039133042097092
    ],
    "train_accs": [
        0.3680332977207974,
        0.487602386039886,
        0.5299813034188035,
        0.563301282051282,
        0.5843794515669511,
        0.6058137464387465,
        0.6225516381766382,
        0.6349492521367518,
        0.6446091524216517,
        0.6574074074074074,
        0.6693598646723646,
        0.6780849358974361,
        0.6924412393162388,
        0.7013443732193726,
        0.704104344729344
    ],
    "valid_accs": [
        0.45800781249999983,
        0.51875,
        0.5369140625000001,
        0.5894531250000002,
        0.6082031250000002,
        0.6250000000000001,
        0.6472656250000001,
        0.6478515625000001,
        0.6523437499999998,
        0.6595703124999999,
        0.684765625,
        0.6972656250000003,
        0.7048828125000001,
        0.7134765624999999,
        0.721484375
    ],
    "test_loss": 0.9237719215924229,
    "test_acc": 0.6685126582278482
}