{
    "train_losses": [
        1.3089153464363519,
        0.9083693981849913,
        0.7417473859257174,
        0.637763395523414,
        0.561135504829918,
        0.5020628245467813,
        0.45665174009453524,
        0.42102139793400084,
        0.3770132238878485,
        0.34995711359203335,
        0.31829361052934274,
        0.29277857870627644,
        0.27077112259857994,
        0.24679840453754479,
        0.22669937699353931
    ],
    "valid_losses": [
        1.0551652178168296,
        0.7849022328853605,
        0.6616212420165537,
        0.5172652311623097,
        0.4751348294317722,
        0.44270912632346154,
        0.6271528020501137,
        0.48294449374079695,
        0.33627649471163756,
        0.3203205097466708,
        0.2716686837375164,
        0.2779351394623518,
        0.23844814635813233,
        0.27036015614867204,
        0.23713919837027791
    ],
    "train_accs": [
        0.5268429487179488,
        0.6796207264957254,
        0.7403846153846146,
        0.7784232549857543,
        0.8051103988603977,
        0.8260327635327622,
        0.8415687321937312,
        0.8537215099715096,
        0.8695913461538461,
        0.8797631766381772,
        0.8889779202279198,
        0.8963675213675215,
        0.9054709757834752,
        0.9146412037037022,
        0.9217859686609676
    ],
    "valid_accs": [
        0.630859375,
        0.7212890624999999,
        0.7662109375000001,
        0.8232421875,
        0.8359375000000001,
        0.8501953125000001,
        0.7927734374999998,
        0.8361328125,
        0.8822265624999999,
        0.8898437499999999,
        0.909765625,
        0.9082031250000001,
        0.921875,
        0.9080078124999997,
        0.921484375
    ],
    "test_loss": 0.5781100407431395,
    "test_acc": 0.8309928797468353
}