{
    "train_losses": [
        2.212342745897776,
        2.0867310368437373,
        2.0471246018368965,
        2.0218750218040937,
        2.004740687177392,
        1.9877798547092673,
        1.9751428379292497,
        1.9630258361838147,
        1.9506257113568113,
        1.9382276222576782,
        1.9261487790322376,
        1.9155080352413685,
        1.9034071087497577,
        1.8913247714355124,
        1.8806944956467018
    ],
    "valid_losses": [
        2.130115264654159,
        2.0724867463111876,
        2.0444004297256475,
        2.0256125271320338,
        2.0098545253276825,
        1.9968548953533165,
        1.9855705946683881,
        1.973919200897217,
        1.9627278774976729,
        1.9511406779289244,
        1.9401272296905518,
        1.92925671339035,
        1.9177904963493349,
        1.9063356429338458,
        1.894567355513573
    ],
    "train_accs": [
        0.1715411324786322,
        0.22420316951566926,
        0.24082977207977144,
        0.25529736467236436,
        0.2637108262108258,
        0.27288105413105374,
        0.2775774572649572,
        0.2841880341880338,
        0.2903757122507117,
        0.2973869301994302,
        0.30399750712250684,
        0.3057336182336183,
        0.31018518518518495,
        0.3159944800569797,
        0.32220441595441585
    ],
    "valid_accs": [
        0.20371093750000005,
        0.23281249999999998,
        0.24902343749999994,
        0.26132812499999997,
        0.27050781249999994,
        0.2767578125,
        0.28046874999999993,
        0.2833984375,
        0.2976562499999999,
        0.298828125,
        0.30195312499999993,
        0.3042968750000002,
        0.30937500000000007,
        0.31367187499999993,
        0.31328124999999996
    ],
    "test_loss": 1.8726287174828442,
    "test_acc": 0.32634493670886083
}