{
    "train_losses": [
        1.5911774679466522,
        1.2229439653562353,
        1.059163696915335,
        0.9502476696614869,
        0.8806792017061827,
        0.8202778540785157,
        0.769169315483495,
        0.7252509864816638,
        0.6759100627695401,
        0.6359584434249803,
        0.5848796154528941,
        0.5541368166775448,
        0.5125879406759201,
        0.47149692853631453,
        0.43590072884179254
    ],
    "valid_losses": [
        1.3325172632932667,
        1.1545572087168694,
        0.990505701303482,
        0.8463922545313833,
        0.7957137152552604,
        0.7560980066657067,
        0.7465952515602109,
        0.6740941926836967,
        0.6394343890249727,
        0.6181904174387455,
        0.5016064129769802,
        0.5280369371175764,
        0.4341525003314018,
        0.4357161235064268,
        0.41026365011930466
    ],
    "train_accs": [
        0.4194488960113958,
        0.5616764601139598,
        0.6246661324786328,
        0.6628160612535613,
        0.6887241809116802,
        0.7095129985754985,
        0.7295450498575495,
        0.7420094373219364,
        0.7618856837606833,
        0.7775774572649573,
        0.7938701923076914,
        0.8056445868945868,
        0.8179531695156689,
        0.8342904202279198,
        0.8449074074074068
    ],
    "valid_accs": [
        0.512890625,
        0.592578125,
        0.6474609375,
        0.7068359375000001,
        0.7242187499999999,
        0.7400390625000002,
        0.7423828124999999,
        0.7613281250000004,
        0.7730468750000002,
        0.78046875,
        0.8275390625000002,
        0.8107421875,
        0.8482421874999998,
        0.8423828124999999,
        0.8564453124999998
    ],
    "test_loss": 0.7555118218252931,
    "test_acc": 0.7487143987341773
}