{
    "train_times": [
        16.51841449737549,
        15.216604948043823,
        15.049715042114258,
        15.152450799942017,
        15.024558067321777,
        14.977461814880371,
        14.925932884216309,
        15.079129934310913,
        15.256026983261108,
        15.107424974441528,
        14.881185531616211,
        15.250929594039917,
        15.312975645065308,
        15.346459865570068,
        15.341979026794434
    ],
    "valid_times": [
        0.808302640914917,
        0.7668194770812988,
        0.770864725112915,
        0.7813019752502441,
        0.7618136405944824,
        0.7606148719787598,
        0.7806730270385742,
        0.7612979412078857,
        0.7820205688476562,
        0.7572004795074463,
        0.7839200496673584,
        0.7864193916320801,
        0.7826962471008301,
        0.7798564434051514,
        0.7855141162872314
    ],
    "train_losses": [
        1.664558838914941,
        1.298795644713944,
        1.145961128238939,
        1.0425901168431988,
        0.9542914965213869,
        0.8860108407474313,
        0.8220333018873496,
        0.7654103862593987,
        0.7219323045507786,
        0.6683353058293338,
        0.6262923980879989,
        0.5895022243855683,
        0.5500237909477319,
        0.5158998314981107,
        0.47512790891859197
    ],
    "valid_losses": [
        1.3858249753713605,
        1.2039019674062725,
        1.0394350111484527,
        0.9568739011883737,
        0.9022074684500696,
        0.8266749873757363,
        0.7256794407963755,
        0.6620899133384227,
        0.6312005981802942,
        0.6056311041116714,
        0.5234307080507279,
        0.4814989045262338,
        0.4640682220458985,
        0.39612749293446536,
        0.3617814116179943
    ],
    "train_accs": [
        0.3956552706552703,
        0.5353009259259262,
        0.5888310185185187,
        0.6270477207977209,
        0.6615028490028488,
        0.6859642094017087,
        0.7083333333333321,
        0.72881054131054,
        0.7440349002849002,
        0.7625756766381756,
        0.7791800213675207,
        0.7903979700854696,
        0.8048210470085467,
        0.8174857549857539,
        0.8316417378917359
    ],
    "valid_accs": [
        0.5076171875,
        0.56484375,
        0.6396484375000001,
        0.6671875,
        0.678515625,
        0.7154296875000001,
        0.74296875,
        0.7693359374999998,
        0.7755859374999999,
        0.7916015625000001,
        0.8169921874999999,
        0.8306640625000001,
        0.8380859375000002,
        0.8664062500000003,
        0.8779296875000002
    ],
    "test_loss": 0.7937967762162415,
    "test_acc": 0.7354628164556966
}