{
  "train_time": [
    0,
    21.453970670700073,
    39.204864263534546,
    57.235294580459595,
    75.36736106872559,
    93.39670515060425,
    111.14465665817261,
    128.88458895683289,
    146.5275502204895,
    164.22918272018433,
    181.9552059173584,
    200.12611365318298,
    218.05211448669434,
    235.95602703094482,
    253.7930932044983,
    271.97658586502075,
    289.66464829444885,
    307.1806786060333,
    324.4345886707306,
    341.7231695652008,
    358.94814705848694,
    376.22774267196655,
    393.5270712375641,
    410.8222780227661,
    428.04090762138367,
    445.27247524261475,
    462.42731499671936,
    479.597776889801,
    496.73541593551636,
    513.9538276195526,
    531.1922430992126,
    548.4528276920319,
    565.6901977062225,
    583.1301860809326,
    600.5394027233124,
    618.0355718135834,
    635.662905216217,
    653.1633901596069,
    670.2789468765259,
    687.6935300827026,
    705.7433340549469,
    723.0954036712646,
    740.4229125976562,
    757.7489964962006,
    775.0946056842804,
    792.6371037960052,
    810.1282382011414,
    827.383985042572,
    844.3914580345154,
    861.4343841075897,
    878.6128342151642,
    895.5593583583832,
    912.720867395401,
    930.0790860652924,
    947.460453748703,
    964.9566526412964,
    982.3727197647095,
    999.7834348678589,
    1017.0039324760437,
    1034.3129150867462,
    1051.6639649868011,
    1069.0778951644897,
    1086.4577231407166,
    1103.3963496685028,
    1120.43332862854,
    1137.3718054294586,
    1154.394540309906,
    1171.4348645210266,
    1188.4518160820007,
    1205.4329257011414,
    1222.50013589859,
    1239.4168162345886,
    1256.6490485668182,
    1274.068029165268,
    1291.5532217025757,
    1309.0747828483582,
    1326.309469461441,
    1343.7366352081299,
    1360.7126710414886,
    1377.896205663681,
    1395.269164800644,
    1412.6308324337006,
    1429.894520521164,
    1446.799071073532,
    1463.7172515392303,
    1480.6066226959229
  ],
  "train_losses": [
    10408.112446594238,
    10330.909283447265,
    10317.46152420044,
    10310.863137054443,
    10306.268000030517,
    10303.468546295166,
    10300.762249755859,
    10298.772535705566,
    10296.980042266845,
    10296.003536224365,
    10294.401413726806,
    10293.418576812745,
    10292.316551971435,
    10291.697989654542,
    10290.9179145813,
    10289.981555175782,
    10289.0997215271,
    10288.559428405762,
    10288.099932861329,
    10287.514764404297,
    10287.069539642334,
    10286.560939788818,
    10285.993241882325,
    10285.668808746337,
    10285.245400238036,
    10284.665045928956,
    10284.54719696045,
    10284.17324142456,
    10283.691707611084,
    10283.83030090332,
    10283.161301422118,
    10282.896825408936,
    10282.501741790771,
    10282.181272888183,
    10282.251351928711,
    10281.681663513184,
    10281.511833190918,
    10281.339636230468,
    10281.00097503662,
    10280.878730773926,
    10280.652666473388,
    10280.486987304688,
    10280.374039459228,
    10280.07355041504,
    10279.821369934081,
    10279.76998977661,
    10279.584748840332,
    10279.420478057862,
    10279.307791900635,
    10278.94757232666,
    10278.9134765625,
    10278.64677658081,
    10278.769915771485,
    10278.506887817382,
    10278.274736785888,
    10278.12639465332,
    10277.897583770751,
    10277.695822143554,
    10277.653287506104,
    10277.761196899413,
    10277.402847290039,
    10277.339058685302,
    10277.279077148438,
    10277.120568847657,
    10276.720123291016,
    10276.948588562012,
    10276.594033813477,
    10276.641588592529,
    10276.459027099609,
    10276.588874053956,
    10276.381080627441,
    10276.130047607421,
    10275.988941955566,
    10275.87820968628,
    10275.87261276245,
    10275.77491455078,
    10275.732457733155,
    10275.578656005859,
    10275.397521209718,
    10275.349472045898,
    10275.337601470947,
    10275.245965576172,
    10275.178132629395,
    10275.108047485352,
    10274.903540039062
  ]
}