{
    "train_losses": [
        1.3131411073893904,
        0.9059524111598318,
        0.7367716956342379,
        0.6375696046060304,
        0.5580633847292331,
        0.5025103122760088,
        0.45583864443662153,
        0.42102029236123734,
        0.3808577212682819,
        0.35669057177342556,
        0.3164332372340723,
        0.2933808069071201,
        0.2720035186775049,
        0.252299818366851,
        0.22696681781287198
    ],
    "valid_losses": [
        1.1281934902071953,
        0.817932627350092,
        0.6951219566166401,
        0.54818082600832,
        0.5069786831736565,
        0.44386421069502835,
        0.5646641947329044,
        0.41534473188221466,
        0.35123540684580806,
        0.3144603028893471,
        0.27904920689761636,
        0.25853268094360815,
        0.2511034240946174,
        0.20002390947192905,
        0.21217068154364827
    ],
    "train_accs": [
        0.5257523148148148,
        0.6813790954415945,
        0.7439458689458687,
        0.7783787393162381,
        0.8065571581196569,
        0.8251424501424491,
        0.8427483974358965,
        0.8534544159544154,
        0.8687232905982916,
        0.8766915954415959,
        0.8901575854700855,
        0.8983039529914525,
        0.9054709757834757,
        0.9112802706552703,
        0.9202501780626764
    ],
    "valid_accs": [
        0.6124999999999998,
        0.7144531249999999,
        0.7517578124999997,
        0.8078125000000002,
        0.82109375,
        0.8509765625,
        0.8150390625,
        0.8656249999999999,
        0.879296875,
        0.886328125,
        0.9058593749999999,
        0.91171875,
        0.9126953125000001,
        0.9330078124999999,
        0.9267578124999998
    ],
    "test_loss": 0.5317970484117917,
    "test_acc": 0.8446400316455696
}