{
    "train_losses": [
        1.9245079392381523,
        1.7187688157089756,
        1.6255959679937757,
        1.570449154940765,
        1.530864509761842,
        1.5001762898219602,
        1.4699067536242663,
        1.4453083789586332,
        1.4233206320352367,
        1.4039024834619296,
        1.384715832876004,
        1.3694922282145587,
        1.348992109298707,
        1.3395276127377806,
        1.3254154730386538
    ],
    "valid_losses": [
        1.7757779300212857,
        1.6547565698623659,
        1.5764768749475477,
        1.5169353723526002,
        1.485904744267464,
        1.4515274554491047,
        1.421691051125527,
        1.3978949576616286,
        1.3914254337549206,
        1.3652379065752027,
        1.3327829211950302,
        1.3344081550836564,
        1.2924782037734988,
        1.2870134919881822,
        1.2715985357761384
    ],
    "train_accs": [
        0.3133457977207975,
        0.3916711182336176,
        0.4220085470085467,
        0.4422631766381766,
        0.4537482193732192,
        0.4667022792022793,
        0.47865473646723683,
        0.48555466524216534,
        0.495036502849003,
        0.5013354700854702,
        0.5077679843304845,
        0.5123308404558407,
        0.520922364672365,
        0.5218349358974359,
        0.5257968304843305
    ],
    "valid_accs": [
        0.37617187500000004,
        0.4279296875000001,
        0.4431640624999999,
        0.4560546875,
        0.4714843750000001,
        0.47949218749999994,
        0.49472656250000013,
        0.51328125,
        0.507421875,
        0.5205078125000001,
        0.5283203125000001,
        0.5365234375000001,
        0.5460937500000002,
        0.5400390625000001,
        0.5517578125
    ],
    "test_loss": 1.3812358198286612,
    "test_acc": 0.5129549050632913
}