{
    "train_losses": [
        1.5911774594559625,
        1.2229439639977238,
        1.0591636002912823,
        0.9502478226637227,
        0.8806793596330187,
        0.8202776920761474,
        0.7691689084398096,
        0.725250843413535,
        0.6759102555931121,
        0.6359584687272369,
        0.5848795686691911,
        0.5541363779635843,
        0.512588846887279,
        0.47149698983909744,
        0.4359004059408464
    ],
    "valid_losses": [
        1.3325171768665316,
        1.1545572027564048,
        0.9905049428343775,
        0.8463920131325723,
        0.7957138434052468,
        0.7561002030968665,
        0.7465951636433603,
        0.6740975886583329,
        0.6394363150000572,
        0.6181914113461973,
        0.5016044676303864,
        0.5280285231769085,
        0.43416256681084625,
        0.43573529459536076,
        0.41026022136211393
    ],
    "train_accs": [
        0.4194488960113958,
        0.5616764601139598,
        0.6246661324786328,
        0.6628160612535613,
        0.6887241809116802,
        0.7095129985754985,
        0.7295227920227917,
        0.7420094373219364,
        0.7618634259259256,
        0.7775774572649573,
        0.7938701923076914,
        0.8056668447293446,
        0.8179086538461532,
        0.8342459045584041,
        0.8449519230769225
    ],
    "valid_accs": [
        0.512890625,
        0.592578125,
        0.6474609375,
        0.7068359375000001,
        0.7242187499999999,
        0.7400390625000002,
        0.7423828124999999,
        0.7613281250000004,
        0.7730468750000002,
        0.7802734375000001,
        0.8277343750000002,
        0.8109375000000001,
        0.8480468749999999,
        0.8423828124999999,
        0.8564453124999998
    ],
    "test_loss": 0.7555076170571241,
    "test_acc": 0.7487143987341773
}