{
    "train_losses": [
        1.981450776721156,
        1.5480894349342171,
        1.3629307220148486,
        1.2441292335820757,
        1.152972603953162,
        1.075462590816409,
        1.0121115418367606,
        0.9546375122181205,
        0.9084653466246849,
        0.858147966307263,
        0.833556044933408,
        0.7921467173931208,
        0.7603591320126556,
        0.7241470411766406,
        0.7013526392537494
    ],
    "valid_losses": [
        1.7148336648941038,
        1.5027087450027465,
        1.3197089910507205,
        1.253990888595581,
        1.0883952617645263,
        1.011716544628143,
        0.9642330765724183,
        0.8940560698509217,
        0.852938973903656,
        0.8206825017929078,
        0.827105188369751,
        0.7604707121849061,
        0.7192105650901793,
        0.6816920518875121,
        0.713893735408783
    ],
    "train_accs": [
        0.275867550872093,
        0.4364325944767441,
        0.5069722020348836,
        0.5494413154069766,
        0.5846656976744187,
        0.614121547965116,
        0.6409429505813953,
        0.6624273255813954,
        0.679187863372093,
        0.6937454578488372,
        0.7064861918604651,
        0.7192723473837209,
        0.7316269985465115,
        0.7443223110465118,
        0.7509765625000001
    ],
    "valid_accs": [
        0.3734634280204773,
        0.4659395754337311,
        0.5165756344795227,
        0.5423015713691711,
        0.6073734760284424,
        0.6429929494857788,
        0.6558299899101258,
        0.6885457038879396,
        0.7009160637855529,
        0.7148610353469849,
        0.7134022355079652,
        0.7363817095756532,
        0.7442063093185425,
        0.7635266900062561,
        0.7485930562019347
    ],
    "test_loss": 0.8837141394615174,
    "test_acc": 0.6910375475883485
}