{
    "train_times": [
        17.983591556549072,
        16.396217107772827,
        16.034581661224365,
        15.983429908752441,
        16.0266752243042,
        16.25150227546692,
        16.091604948043823,
        16.027713537216187,
        15.96231722831726,
        16.069414138793945,
        16.150636196136475,
        16.145265817642212,
        15.894790172576904,
        16.17054796218872,
        15.99850082397461
    ],
    "valid_times": [
        0.7681210041046143,
        0.7823209762573242,
        0.7707870006561279,
        0.811312198638916,
        0.7895092964172363,
        0.7908759117126465,
        0.8289182186126709,
        0.8424115180969238,
        0.8138308525085449,
        0.8262617588043213,
        0.835726261138916,
        0.8436403274536133,
        0.8448927402496338,
        0.7955377101898193,
        0.8023505210876465
    ],
    "train_losses": [
        1.7337690316713765,
        1.4324201691863887,
        1.3124370150416667,
        1.2288955969688218,
        1.1672607473498402,
        1.1194026786038003,
        1.0844527528836172,
        1.0370084286754966,
        1.0094877308250487,
        0.9815290575353509,
        0.9585181450911742,
        0.9422038029401738,
        0.9202884802451496,
        0.9005020792328051,
        0.8801169329219398
    ],
    "valid_losses": [
        1.5052574753761294,
        1.3661849260330203,
        1.278144323825836,
        1.1570521757006644,
        1.1147946268320088,
        1.0572935044765472,
        1.120941869914532,
        0.9921125173568727,
        0.960564313828945,
        0.9352124840021132,
        0.9241988301277158,
        0.906713601946831,
        0.8744298025965693,
        0.8981745749711991,
        0.8670063257217409
    ],
    "train_accs": [
        0.36431623931623897,
        0.4761618589743594,
        0.5232149216524216,
        0.5567574786324785,
        0.5811743233618238,
        0.5991363960113961,
        0.6090856481481476,
        0.6325008903133896,
        0.6390001780626781,
        0.6509081196581188,
        0.6591657763532757,
        0.6657540954415956,
        0.6731214387464378,
        0.6801994301994297,
        0.6883235398860398
    ],
    "valid_accs": [
        0.45722656249999993,
        0.5072265625000001,
        0.5503906249999999,
        0.5939453125,
        0.6042968749999998,
        0.6310546875000002,
        0.6060546875,
        0.647265625,
        0.6603515625,
        0.6707031250000001,
        0.6755859375000001,
        0.683203125,
        0.6931640625,
        0.6837890625,
        0.6953125000000001
    ],
    "test_loss": 0.9502685786802562,
    "test_acc": 0.6651503164556961
}