{
    "train_times": [
        20.35362720489502,
        19.232349395751953,
        18.964159965515137,
        18.971779584884644,
        19.106032133102417,
        19.353785276412964,
        19.2046058177948,
        19.07876706123352,
        18.873624563217163,
        18.80164885520935,
        18.74844765663147,
        18.734127521514893,
        18.78927254676819,
        18.777453184127808,
        18.758081912994385
    ],
    "valid_times": [
        0.9911603927612305,
        0.9672179222106934,
        0.9413859844207764,
        0.9563913345336914,
        0.9662110805511475,
        0.9645404815673828,
        0.9673488140106201,
        0.955045223236084,
        0.9403409957885742,
        0.9409732818603516,
        0.93930983543396,
        0.939218282699585,
        0.9392457008361816,
        0.9428951740264893,
        0.9401795864105225
    ],
    "train_losses": [
        1.5911771405456407,
        1.2229439336010541,
        1.0591609545922351,
        0.9502515011703183,
        0.8806826044351626,
        0.820273697546065,
        0.769160599790068,
        0.725246589068335,
        0.6759122323106839,
        0.6359583133476072,
        0.5848804624841427,
        0.5541313209085383,
        0.5126053095712958,
        0.47150270942269606,
        0.43589394397375575
    ],
    "valid_losses": [
        1.3325144827365871,
        1.1545554697513583,
        0.9904863238334656,
        0.8463894352316859,
        0.7957156941294669,
        0.7561379939317703,
        0.7465999692678453,
        0.6741620481014251,
        0.6394859962165356,
        0.6182148352265359,
        0.5015576928853989,
        0.5278854124248028,
        0.43434786051511753,
        0.43609029576182357,
        0.4101910956203938
    ],
    "train_accs": [
        0.4194488960113958,
        0.5616542022792019,
        0.6246883903133907,
        0.6628383190883191,
        0.6887019230769224,
        0.7096020299145299,
        0.7294782763532759,
        0.7418758903133894,
        0.7619301994301992,
        0.7775329415954417,
        0.79378116096866,
        0.8057558760683762,
        0.8177083333333327,
        0.8341568732193729,
        0.8450632122507118
    ],
    "valid_accs": [
        0.512890625,
        0.592578125,
        0.6478515625000001,
        0.7068359375000001,
        0.72421875,
        0.7402343750000001,
        0.7421875,
        0.7615234375000004,
        0.7730468750000004,
        0.7798828125,
        0.8275390625000002,
        0.8113281250000001,
        0.8482421874999998,
        0.8423828124999999,
        0.8568359374999999
    ],
    "test_loss": 0.7554769395272941,
    "test_acc": 0.7482199367088607
}