{
    "train_times": [
        15.898568153381348,
        14.746221780776978,
        14.496135950088501,
        14.410557746887207,
        14.705243110656738,
        14.464387893676758,
        14.474625587463379,
        14.575774192810059,
        14.502103805541992,
        14.535277605056763,
        14.796000957489014,
        14.618984460830688,
        14.589414834976196,
        14.649971008300781,
        14.673486948013306
    ],
    "valid_times": [
        0.7537097930908203,
        0.7355246543884277,
        0.7116692066192627,
        0.7141726016998291,
        0.7152972221374512,
        0.7313425540924072,
        0.7123255729675293,
        0.7213029861450195,
        0.7187824249267578,
        0.7327394485473633,
        0.7182276248931885,
        0.7287163734436035,
        0.7341578006744385,
        0.7282955646514893,
        0.7278220653533936
    ],
    "train_losses": [
        1.7840401980272391,
        1.540002798083161,
        1.4338837087663827,
        1.3571836204610326,
        1.298652153069478,
        1.253261270006838,
        1.2072050544271444,
        1.1658941807909902,
        1.1378027827311787,
        1.0933865003096748,
        1.0548416296301406,
        1.0145829544108131,
        0.9830307761828103,
        0.955066429413961,
        0.8909894698365811
    ],
    "valid_losses": [
        1.612531206011772,
        1.4446330040693285,
        1.3505614578723912,
        1.2916613966226576,
        1.228307718038559,
        1.18706918656826,
        1.138233159482479,
        1.08695272654295,
        1.0531107440590861,
        1.009273236989975,
        0.9556241810321807,
        0.893094766139984,
        0.8532810226082801,
        0.8063502892851829,
        0.7887900292873383
    ],
    "train_accs": [
        0.3756009615384612,
        0.4487624643874642,
        0.487246260683761,
        0.5136885683760688,
        0.5358351139601141,
        0.5544871794871793,
        0.5661280270655269,
        0.5833555911680919,
        0.594951923076923,
        0.610020477207977,
        0.6230413105413104,
        0.6391114672364665,
        0.6490829772079767,
        0.6582977207977203,
        0.6828035968660962
    ],
    "valid_accs": [
        0.42890625000000004,
        0.49511718750000006,
        0.5177734375,
        0.5419921875000002,
        0.5587890624999999,
        0.5751953125000002,
        0.5941406250000001,
        0.6173828124999998,
        0.6224609374999999,
        0.6429687499999999,
        0.6654296875,
        0.6853515625000001,
        0.6919921874999998,
        0.7167968750000001,
        0.7230468749999999
    ],
    "test_loss": 1.233574622794043,
    "test_acc": 0.5785205696202534
}