{
    "train_times": [
        27.34164333343506,
        26.711034774780273,
        26.726502895355225,
        26.788119792938232,
        26.87199854850769,
        26.4169864654541,
        27.85096502304077,
        28.16099762916565,
        35.56004190444946,
        36.7309193611145,
        36.857794761657715,
        36.878281354904175,
        36.98157548904419,
        37.32061982154846,
        37.12090992927551
    ],
    "valid_times": [
        1.3121588230133057,
        1.198648452758789,
        1.2395005226135254,
        1.3224713802337646,
        1.319018840789795,
        1.3502540588378906,
        1.4049296379089355,
        1.343942642211914,
        1.711855173110962,
        1.7037439346313477,
        1.729072093963623,
        1.701258897781372,
        1.6595447063446045,
        1.731612205505371,
        1.7210021018981934
    ],
    "train_losses": [
        1.5911771680554772,
        1.2229439356388196,
        1.059161333277014,
        0.9502509868043104,
        0.880682180579911,
        0.820274230931219,
        0.7691616213899054,
        0.725247239540106,
        0.6759121379791166,
        0.6359584314531068,
        0.5848801019694391,
        0.5541320542494454,
        0.5126033737788513,
        0.47150141085654534,
        0.43589497712093195
    ],
    "valid_losses": [
        1.3325147181749346,
        1.1545556455850603,
        0.990488901734352,
        0.8463895961642266,
        0.7957155242562295,
        0.7561337113380431,
        0.7465990364551546,
        0.6741528689861296,
        0.6394782498478891,
        0.6182080447673798,
        0.5015649542212486,
        0.527905087918043,
        0.43432667553424836,
        0.4360498171299696,
        0.41020044460892674
    ],
    "train_accs": [
        0.4194488960113958,
        0.5616542022792019,
        0.6246661324786329,
        0.6628383190883191,
        0.6887241809116802,
        0.7096020299145299,
        0.7295005341880337,
        0.7419649216524208,
        0.7619301994301991,
        0.7775774572649573,
        0.79378116096866,
        0.8057558760683761,
        0.8177083333333327,
        0.8342236467236465,
        0.8448851495726492
    ],
    "valid_accs": [
        0.512890625,
        0.592578125,
        0.6478515625000001,
        0.7068359375000001,
        0.7240234375,
        0.7402343750000001,
        0.7421875,
        0.7615234375000004,
        0.7730468750000004,
        0.7798828125,
        0.8275390625000002,
        0.8111328125,
        0.8482421874999998,
        0.8421874999999999,
        0.8566406249999998
    ],
    "test_loss": 0.7554756086083907,
    "test_acc": 0.748318829113924
}