{
    "train_losses": [
        1.5911774044362912,
        1.2229439548277783,
        1.0591632100591641,
        0.9502483832190858,
        0.8806798940370564,
        0.8202770576517805,
        0.7691677282338816,
        0.7252503877181956,
        0.6759107073827348,
        0.6359583753296452,
        0.5848795982167933,
        0.5541353801376806,
        0.5125917375427367,
        0.4714969619047267,
        0.4358986482406273
    ],
    "valid_losses": [
        1.3325167566537859,
        1.1545570313930513,
        0.9905022442340851,
        0.8463912442326545,
        0.7957141622900962,
        0.7561062857508656,
        0.746595446765423,
        0.674107141792774,
        0.6394423782825472,
        0.618191593885422,
        0.5015977047383785,
        0.5280068054795267,
        0.43419037535786625,
        0.4357897453010083,
        0.4102442756295204
    ],
    "train_accs": [
        0.4194488960113958,
        0.5616764601139598,
        0.6246883903133906,
        0.6627938034188035,
        0.6887019230769224,
        0.7095352564102564,
        0.7295450498575495,
        0.7420316951566942,
        0.761952457264957,
        0.7775997150997151,
        0.7938479344729336,
        0.8056891025641024,
        0.817930911680911,
        0.8342236467236462,
        0.8448628917378911
    ],
    "valid_accs": [
        0.512890625,
        0.592578125,
        0.6474609375,
        0.7068359375000001,
        0.7242187499999999,
        0.7402343750000001,
        0.7423828124999999,
        0.7613281250000004,
        0.7730468750000002,
        0.7800781250000001,
        0.8277343750000002,
        0.8109375000000001,
        0.8480468749999999,
        0.842578125,
        0.8562499999999998
    ],
    "test_loss": 0.7554898412921761,
    "test_acc": 0.7481210443037973
}