{
    "train_times": [
        18.467634201049805,
        17.644259929656982,
        17.44260334968567,
        17.463677406311035,
        17.753215551376343,
        17.30765199661255,
        17.150484085083008,
        17.220930814743042,
        17.377882719039917,
        17.40873885154724,
        17.137166738510132,
        17.42105197906494,
        17.291074991226196,
        17.229579210281372,
        17.420839548110962
    ],
    "valid_times": [
        0.956505537033081,
        0.939396858215332,
        0.924109935760498,
        0.910123348236084,
        0.940889835357666,
        0.9342150688171387,
        0.9069714546203613,
        0.9408066272735596,
        0.9210104942321777,
        0.9757168292999268,
        0.9226560592651367,
        0.9289224147796631,
        0.9070942401885986,
        0.9615092277526855,
        0.9761052131652832
    ],
    "train_losses": [
        1.5805016905493885,
        1.2397351436465553,
        1.0919253061979237,
        0.9998100309969701,
        0.9166157096199838,
        0.8544879980236714,
        0.8032060026103621,
        0.7609416428114951,
        0.7251521663108784,
        0.6866262949090389,
        0.6574550595378604,
        0.623998535239798,
        0.5947880461345033,
        0.5690485014874708,
        0.5345265737965574
    ],
    "valid_losses": [
        1.3101316124200821,
        1.1382071405649183,
        1.1336884558200837,
        0.9588096916675569,
        0.8781740933656695,
        0.8351012572646141,
        0.8107119321823119,
        0.7189390406012535,
        0.7029599189758301,
        0.6527380630373955,
        0.6136502578854561,
        0.6029026485979558,
        0.5510444968938827,
        0.5314278066158296,
        0.5000447392463684
    ],
    "train_accs": [
        0.42022792022792016,
        0.5561120014245016,
        0.6107772435897437,
        0.6461894586894585,
        0.6756365740740735,
        0.6973379629629629,
        0.7183716168091165,
        0.7315037393162395,
        0.7418536324786317,
        0.7569221866096859,
        0.7673833689458689,
        0.7785345441595432,
        0.7890624999999992,
        0.7968527421652417,
        0.8096064814814797
    ],
    "valid_accs": [
        0.5332031250000001,
        0.60078125,
        0.6076171875,
        0.6568359375,
        0.6921875,
        0.7101562499999999,
        0.7212890625,
        0.7521484375,
        0.7511718749999998,
        0.772265625,
        0.7826171874999999,
        0.7964843750000005,
        0.811328125,
        0.8185546875,
        0.8244140624999999
    ],
    "test_loss": 0.7282573520382749,
    "test_acc": 0.7520767405063291
}