{
    "train_losses": [
        1.591177453342664,
        1.2229439463370888,
        1.0591634539117836,
        0.9502480254214036,
        0.8806795708813899,
        0.8202774312421475,
        0.7691684538482603,
        0.7252507354968629,
        0.675910496219271,
        0.635958447330698,
        0.5848796401608022,
        0.5541359780520793,
        0.512590234435861,
        0.47149699221649055,
        0.4358996959917903
    ],
    "valid_losses": [
        1.3325170993804931,
        1.1545572325587274,
        0.9905040770769118,
        0.8463916063308715,
        0.7957139089703559,
        0.7561027437448503,
        0.746595351397991,
        0.6741016313433648,
        0.6394380502402783,
        0.6181920237839221,
        0.5016020514070987,
        0.5280191540718078,
        0.4341737404465676,
        0.4357569269835949,
        0.4102529712021351
    ],
    "train_accs": [
        0.4194488960113958,
        0.5616764601139598,
        0.6246661324786328,
        0.6628160612535613,
        0.6887241809116802,
        0.7095129985754985,
        0.7295450498575495,
        0.7420094373219364,
        0.7619079415954413,
        0.777621972934473,
        0.7938701923076914,
        0.8056668447293447,
        0.8179086538461532,
        0.8342236467236462,
        0.8449296652421645
    ],
    "valid_accs": [
        0.512890625,
        0.592578125,
        0.6474609375,
        0.7068359375000001,
        0.7242187499999999,
        0.7402343750000001,
        0.7423828124999999,
        0.7613281250000004,
        0.7730468750000002,
        0.7800781250000001,
        0.8277343750000002,
        0.8109375000000001,
        0.8480468749999999,
        0.842578125,
        0.8564453124999998
    ],
    "test_loss": 0.7554987382285203,
    "test_acc": 0.7487143987341773
}