{
    "train_times": [
        16.187584161758423,
        15.018643856048584,
        14.52250623703003,
        14.750375032424927,
        15.061815738677979,
        15.015816450119019,
        15.0263512134552,
        14.85866093635559,
        14.594871044158936,
        14.628141403198242,
        14.941978216171265,
        14.993494272232056,
        14.756861686706543,
        14.644972324371338,
        15.083096027374268
    ],
    "valid_times": [
        0.7595877647399902,
        0.7291595935821533,
        0.7276031970977783,
        0.740473747253418,
        0.7509558200836182,
        0.7479827404022217,
        0.7436420917510986,
        0.727999210357666,
        0.7432839870452881,
        0.7299695014953613,
        0.741569995880127,
        0.7517266273498535,
        0.7309656143188477,
        0.727170467376709,
        0.7591161727905273
    ],
    "train_losses": [
        1.761496116293123,
        1.4554797601156435,
        1.3362161440727034,
        1.252938939974859,
        1.185344962822406,
        1.1287426542692367,
        1.0677418109358545,
        1.0184788101079456,
        0.9739832784715197,
        0.9222846763086452,
        0.8853595316240256,
        0.8408224151345054,
        0.8008719881375633,
        0.7626058209655637,
        0.7150389643815852
    ],
    "valid_losses": [
        1.5276815325021744,
        1.3563044041395187,
        1.2533338636159894,
        1.1720167160034178,
        1.085025133192539,
        1.0206446811556817,
        0.9935177296400068,
        0.9018490061163905,
        0.8687976628541947,
        0.8281549602746967,
        0.794947463274002,
        0.744415655732155,
        0.699492330849171,
        0.6397336430847647,
        0.5918120540678501
    ],
    "train_accs": [
        0.36489494301994274,
        0.4761841168091166,
        0.5206552706552704,
        0.5530404202279199,
        0.5769898504273502,
        0.5974002849002845,
        0.6202368233618233,
        0.6369969729344727,
        0.6528445512820511,
        0.6733662749287748,
        0.6873441951566948,
        0.7026798433048426,
        0.7184161324786318,
        0.7299902065527054,
        0.7496661324786318
    ],
    "valid_accs": [
        0.446875,
        0.5173828125,
        0.5593750000000002,
        0.5806640624999998,
        0.6177734375000001,
        0.6376953125,
        0.6550781249999998,
        0.6916015625,
        0.6984375,
        0.7109375000000002,
        0.7183593750000001,
        0.7443359375000002,
        0.7623046874999999,
        0.7832031250000002,
        0.7980468750000003
    ],
    "test_loss": 1.0537418926818463,
    "test_acc": 0.6387460443037974
}