{
    "train_losses": [
        1.5911774655692603,
        1.222943950242806,
        1.0591636227067038,
        0.9502477379266344,
        0.8806792932358222,
        0.8202777177180326,
        0.7691691173107876,
        0.7252509921704257,
        0.6759102489703738,
        0.6359584453778385,
        0.5848796646988969,
        0.5541365736739925,
        0.5125887308195446,
        0.4714968966962269,
        0.4359004670313622
    ],
    "valid_losses": [
        1.332517296075821,
        1.1545572161674496,
        0.9905053481459618,
        0.8463920205831528,
        0.7957137480378152,
        0.7560991927981376,
        0.7465953275561333,
        0.6740962982177735,
        0.6394346527755261,
        0.6181913539767265,
        0.5016052767634391,
        0.5280313432216643,
        0.43415812924504277,
        0.43572603873908505,
        0.4102605126798153
    ],
    "train_accs": [
        0.4194488960113958,
        0.5616764601139598,
        0.6246661324786328,
        0.6628160612535613,
        0.6887241809116802,
        0.7095129985754985,
        0.7295450498575495,
        0.7420094373219364,
        0.7618634259259256,
        0.7775774572649573,
        0.7938701923076914,
        0.8056668447293446,
        0.817930911680911,
        0.8342459045584041,
        0.8449296652421646
    ],
    "valid_accs": [
        0.512890625,
        0.592578125,
        0.6474609375,
        0.7068359375000001,
        0.7242187499999999,
        0.7400390625000002,
        0.7423828124999999,
        0.7613281250000004,
        0.7730468750000002,
        0.7802734375000001,
        0.8275390625000002,
        0.8107421875,
        0.8482421874999998,
        0.8423828124999999,
        0.8564453124999998
    ],
    "test_loss": 0.7555074540874626,
    "test_acc": 0.7487143987341773
}