{
    "train_losses": [
        1.3433421179226468,
        0.9264900445938108,
        0.7411569162777493,
        0.6317425503049584,
        0.5586417353153227,
        0.5048044167246137,
        0.4526394411495752,
        0.41352566974503613,
        0.3815815237590243,
        0.3483460453578405,
        0.3204184194973537,
        0.29756710367543365,
        0.2737902538265501,
        0.24712240040302272,
        0.23576652935573023
    ],
    "valid_losses": [
        1.3994398653507232,
        0.724441722035408,
        0.736650338768959,
        0.6879300355911254,
        0.7611857205629349,
        0.5469716414809227,
        0.6540029704570771,
        0.3657644435763359,
        0.4128096118569374,
        0.3247873619198799,
        0.3117862574756145,
        0.3146731972694397,
        0.25048376694321633,
        0.26102957352995876,
        0.2628820575773716
    ],
    "train_accs": [
        0.512522321428571,
        0.671629464285714,
        0.7424553571428577,
        0.7822321428571429,
        0.8058482142857137,
        0.8259151785714283,
        0.8435491071428571,
        0.8554687500000001,
        0.8664732142857147,
        0.8770982142857142,
        0.8896651785714292,
        0.8968973214285723,
        0.9045089285714287,
        0.9135714285714294,
        0.9176339285714289
    ],
    "valid_accs": [
        0.5393382340669632,
        0.7422679215669632,
        0.7433478862047194,
        0.7702665448188781,
        0.7539866715669633,
        0.8136374086141587,
        0.776711857318878,
        0.8670496314764025,
        0.8657513797283174,
        0.8825482547283172,
        0.8910041362047195,
        0.8967601090669631,
        0.9154181987047196,
        0.9170036762952803,
        0.9144416362047196
    ],
    "test_loss": 0.5938224904239177,
    "test_acc": 0.8232421875000002
}