{
    "train_times": [
        160.62317180633545,
        158.86438393592834,
        159.34437656402588,
        158.91764163970947,
        159.10377526283264,
        105.48506379127502,
        95.02842569351196,
        95.0434787273407,
        95.18446612358093,
        95.1741623878479,
        95.00698018074036,
        94.93646287918091,
        94.92076635360718,
        94.9065477848053,
        94.91579484939575
    ],
    "valid_times": [
        6.372140169143677,
        6.45093297958374,
        6.29732871055603,
        6.501495599746704,
        6.28255820274353,
        3.8765759468078613,
        3.879594087600708,
        3.891394853591919,
        3.8834362030029297,
        3.8829121589660645,
        3.8957715034484863,
        3.8733484745025635,
        3.8814942836761475,
        3.885695457458496,
        3.8750133514404297
    ],
    "train_losses": [
        1.9555750280363946,
        1.3832350785915677,
        1.200772379368458,
        1.0692123541465173,
        0.9826735736977334,
        0.9203701620427969,
        0.8779557914475771,
        0.8226595082853594,
        0.7841160609851188,
        0.7432828239056459,
        0.7085222830290119,
        0.6579695885677275,
        0.6271414562338101,
        0.590532116570704,
        0.5557195947550644
    ],
    "valid_losses": [
        1.5364850699901587,
        1.2641207665205005,
        1.1176253810524943,
        1.0223326802253723,
        0.9662492349743841,
        0.9623467832803728,
        0.8054670602083207,
        0.7707475274801252,
        0.7883110240101812,
        0.7222880929708481,
        0.7080443933606149,
        0.6333000279963017,
        0.5907421439886091,
        0.5212478719651699,
        0.48867815434932704
    ],
    "train_accs": [
        0.3130564458689456,
        0.4967726139601138,
        0.5684650997150997,
        0.621038105413105,
        0.6511752136752135,
        0.6786413817663812,
        0.6908386752136747,
        0.7114939458689459,
        0.7247596153846153,
        0.7359330484330476,
        0.7511351495726498,
        0.7652911324786325,
        0.7793358262108261,
        0.789151531339031,
        0.8028623575498575
    ],
    "valid_accs": [
        0.44140625000000006,
        0.5558593750000002,
        0.6091796874999998,
        0.6373046874999999,
        0.6654296875,
        0.665625,
        0.7136718749999998,
        0.7232421875,
        0.7242187499999999,
        0.747265625,
        0.7486328124999999,
        0.7814453124999997,
        0.7935546875000001,
        0.8167968750000001,
        0.8302734375
    ],
    "test_loss": 0.7197403530531293,
    "test_acc": 0.7502966772151901
}