{
    "train_losses": [
        1.3044015369523965,
        0.9006287781601279,
        0.7315388357537422,
        0.6375489105016764,
        0.5586265525077483,
        0.505004296785067,
        0.45706513778776175,
        0.4205604751310456,
        0.3806486819629319,
        0.34991577000190066,
        0.3173630296589643,
        0.2935026094444797,
        0.2734332628484466,
        0.2475381639396024,
        0.22855432749728558
    ],
    "valid_losses": [
        1.0304308339953423,
        0.8409803867340088,
        0.692792008072138,
        0.5595672905445098,
        0.47795758545398714,
        0.4778588987886906,
        0.5700073227286339,
        0.4989466138184071,
        0.36598407626152035,
        0.39238179139792917,
        0.3091296788305044,
        0.2573211804032326,
        0.25189599096775045,
        0.19198436420410867,
        0.214746787212789
    ],
    "train_accs": [
        0.5287571225071225,
        0.6813123219373217,
        0.7467726139601134,
        0.7784455128205124,
        0.8076477920227908,
        0.8248308404558392,
        0.8401664886039876,
        0.8536992521367517,
        0.866408475783477,
        0.8780715811965814,
        0.8894008190883197,
        0.896078169515669,
        0.9042467948717944,
        0.914730235042734,
        0.920294693732193
    ],
    "valid_accs": [
        0.6406249999999999,
        0.7050781250000001,
        0.7531249999999999,
        0.8070312499999998,
        0.8374999999999999,
        0.8380859375000002,
        0.8105468750000002,
        0.8355468749999999,
        0.8785156249999997,
        0.8599609375,
        0.896484375,
        0.9128906250000001,
        0.9166015624999999,
        0.9380859374999998,
        0.9220703124999999
    ],
    "test_loss": 0.5450811001318917,
    "test_acc": 0.8390031645569619
}