{
    "train_losses": [
        1.3094229849315437,
        0.9091606729390612,
        0.7396250193105464,
        0.6415159867020409,
        0.5611924040860937,
        0.5062629411533006,
        0.46005210594573975,
        0.4226107061588525,
        0.3806434859152873,
        0.3541947372703467,
        0.32022063336481044,
        0.2923545919762039,
        0.27316575775458957,
        0.24941011811168778,
        0.22860542285731034
    ],
    "valid_losses": [
        0.997378484904766,
        0.7658396989107131,
        0.6763139329850674,
        0.5448222637176514,
        0.4853656448423863,
        0.42623443379998216,
        0.4980055309832096,
        0.5475918248295784,
        0.3348799888044595,
        0.33060791417956353,
        0.27961797304451463,
        0.22471381016075612,
        0.24689106456935403,
        0.22153085675090553,
        0.2317267774604261
    ],
    "train_accs": [
        0.5247061965811969,
        0.6800213675213669,
        0.7439681267806266,
        0.7754852207977201,
        0.8070023148148141,
        0.8238960113960105,
        0.8392539173789161,
        0.8530537749287744,
        0.8673210470085475,
        0.8751335470085476,
        0.8873976139601143,
        0.8965233262108265,
        0.9048254985754982,
        0.9133502492877486,
        0.9205395299145287
    ],
    "valid_accs": [
        0.6417968750000003,
        0.7251953124999999,
        0.7656250000000001,
        0.8044921875000002,
        0.8318359375000001,
        0.8568359375000002,
        0.8296874999999999,
        0.8201171875000001,
        0.8808593750000002,
        0.8863281249999999,
        0.90703125,
        0.9224609375000002,
        0.9183593749999999,
        0.9292968750000001,
        0.9249999999999998
    ],
    "test_loss": 0.5571577594250064,
    "test_acc": 0.8370253164556963
}