{
    "train_losses": [
        1.3130338545198814,
        0.900033147076936,
        0.7381622265716568,
        0.6367905643421019,
        0.5622724757405088,
        0.5019861883417494,
        0.45394171727688565,
        0.4222283444428381,
        0.3794350604131351,
        0.3508862840738732,
        0.317878043125158,
        0.29471295014915283,
        0.26703885891753365,
        0.2489647984801874,
        0.22299617019473983
    ],
    "valid_losses": [
        1.0915349423885345,
        0.8589426115155221,
        0.7107748836278913,
        0.5867000810801982,
        0.49652285501360893,
        0.45062937438488015,
        0.5507069699466229,
        0.5597224079072475,
        0.3562575779855251,
        0.36147075407207,
        0.30072380304336555,
        0.2386453051120043,
        0.2264337107539177,
        0.22877077311277394,
        0.20331819783896202
    ],
    "train_accs": [
        0.5255965099715105,
        0.6842058404558402,
        0.7439236111111109,
        0.7790464743589741,
        0.8027733262108266,
        0.826277599715099,
        0.844039351851851,
        0.8521412037037036,
        0.8701255341880342,
        0.8772925569800567,
        0.8896011396011397,
        0.8971910612535606,
        0.9080751424501411,
        0.9149528133903133,
        0.9209401709401699
    ],
    "valid_accs": [
        0.6283203125000001,
        0.6919921875,
        0.75,
        0.7953125000000001,
        0.8267578124999998,
        0.8474609375000001,
        0.8224609374999999,
        0.8119140624999999,
        0.8701171875000001,
        0.8708984374999997,
        0.9009765624999999,
        0.917578125,
        0.9244140625000004,
        0.9212890625000001,
        0.9310546875
    ],
    "test_loss": 0.5252845494807524,
    "test_acc": 0.8440466772151896
}