{
    "train_losses": [
        2.0456047210937895,
        1.8836981411333442,
        1.7715712636284686,
        1.670836251006167,
        1.5984969458349063,
        1.5434817452715996,
        1.4997479232967412,
        1.467653911337893,
        1.4378809602851539,
        1.4162215024997027,
        1.3945502582778264,
        1.374180637873136,
        1.3580977074441056,
        1.3422097541667797,
        1.3275217245786626
    ],
    "valid_losses": [
        1.9607575744390486,
        1.8445721477270125,
        1.7315171450376514,
        1.6441731572151184,
        1.577640783786774,
        1.5317504256963734,
        1.5025002896785735,
        1.467299696803093,
        1.4586375981569288,
        1.426890641450882,
        1.407284465432167,
        1.4030170291662216,
        1.3668472617864607,
        1.3574172168970111,
        1.3552971839904784
    ],
    "train_accs": [
        0.24430199430199379,
        0.3183092948717946,
        0.3608662749287745,
        0.3987713675213668,
        0.4247462606837604,
        0.44448896011395983,
        0.45993589743589763,
        0.47102029914529936,
        0.48030181623931595,
        0.48949430199430227,
        0.49637197293447327,
        0.503783831908832,
        0.5103053774928779,
        0.514779202279203,
        0.5230146011396013
    ],
    "valid_accs": [
        0.28652343750000003,
        0.34375000000000017,
        0.37402343749999994,
        0.4083984375,
        0.4333984375,
        0.4531250000000002,
        0.46445312499999997,
        0.47832031249999996,
        0.4853515625000001,
        0.4970703124999998,
        0.49921875,
        0.505078125,
        0.5166015624999999,
        0.5208984375,
        0.5234375
    ],
    "test_loss": 1.3606722173811518,
    "test_acc": 0.5072191455696204
}