{
    "train_losses": [
        1.4840026246516453,
        1.0824362075226934,
        0.9142370329283577,
        0.7968847323686644,
        0.7053194515555671,
        0.644931879138675,
        0.5817236709289056,
        0.533991231707766,
        0.4878431902481957,
        0.4528948353056896,
        0.4140377547326593,
        0.38243978969391945,
        0.35614976927935227,
        0.33204255756149925,
        0.30454059433393654
    ],
    "valid_losses": [
        1.184540668129921,
        0.9504856303334237,
        0.8064888089895247,
        0.7201354220509529,
        0.637587245553732,
        0.5761661171913146,
        0.640093019604683,
        0.47812196835875515,
        0.4365592047572135,
        0.3950124273076654,
        0.354123555868864,
        0.31582104684785006,
        0.3244537653401494,
        0.3005684768781066,
        0.25718001667410134
    ],
    "train_accs": [
        0.4549946581196579,
        0.614182692307693,
        0.6761485042735035,
        0.7185274216524208,
        0.7532051282051281,
        0.7752849002848996,
        0.7974537037037032,
        0.8150373931623928,
        0.8305288461538443,
        0.8433271011396002,
        0.8555466524216528,
        0.8676994301994296,
        0.8770699786324789,
        0.8851495726495717,
        0.8956775284900281
    ],
    "valid_accs": [
        0.5755859374999999,
        0.6603515624999999,
        0.7148437499999999,
        0.7480468750000001,
        0.7681640625000002,
        0.8001953124999999,
        0.7792968750000001,
        0.8330078125,
        0.8523437500000001,
        0.8634765624999999,
        0.88046875,
        0.8947265624999998,
        0.8945312500000002,
        0.9009765625,
        0.9162109374999999
    ],
    "test_loss": 0.6632651128346406,
    "test_acc": 0.7908425632911391
}