{
    "train_losses": [
        1.313818484459846,
        0.917046321593119,
        0.7442598101759912,
        0.6385211841842731,
        0.5635142534376889,
        0.5042894992903086,
        0.4542796611361357,
        0.4228805686928267,
        0.37971803507743707,
        0.3525130989884382,
        0.32323263076126063,
        0.2886850864883842,
        0.26912809114510505,
        0.24931685365418088,
        0.2252609072162896
    ],
    "valid_losses": [
        1.056320820748806,
        0.7839816197752953,
        0.7677105203270913,
        0.5658833041787146,
        0.4682651162147523,
        0.4414078094065189,
        0.5568121545016766,
        0.4857222869992258,
        0.3483544163405895,
        0.3750125277787447,
        0.2688138302415609,
        0.24150842763483518,
        0.2495767489075661,
        0.2007183087291196,
        0.21809714920818807
    ],
    "train_accs": [
        0.5236378205128204,
        0.6741452991452987,
        0.7406962250712247,
        0.7777777777777772,
        0.8031739672364656,
        0.8249643874643868,
        0.8406339031339027,
        0.8515179843304838,
        0.868433938746439,
        0.8780493233618234,
        0.8884659900284898,
        0.8977697649572652,
        0.9051593660968653,
        0.9129718660968648,
        0.921919515669514
    ],
    "valid_accs": [
        0.624609375,
        0.7214843750000002,
        0.736328125,
        0.8037109375,
        0.8339843749999998,
        0.8462890625000001,
        0.8253906249999999,
        0.8365234375,
        0.8814453125,
        0.8767578125,
        0.9078124999999999,
        0.9128906250000002,
        0.916015625,
        0.9328125,
        0.9296875
    ],
    "test_loss": 0.5224722012688842,
    "test_acc": 0.8445411392405062
}