{
    "train_losses": [
        1.5911712079306282,
        1.2229512880670388,
        1.0591548603144811,
        0.950289143626167,
        0.8806575568992518,
        0.8202266896891803,
        0.769137332921694,
        0.72511200127099,
        0.6758417255348627,
        0.6360383634893303,
        0.5854203438656966,
        0.5540982962843359,
        0.5122293188870807,
        0.47188280348764206,
        0.43595884621482983
    ],
    "valid_losses": [
        1.3324488133192065,
        1.1545219302177427,
        0.9893148198723793,
        0.8462832182645799,
        0.7955855965614318,
        0.7561498597264289,
        0.7462815582752226,
        0.675733396410942,
        0.6405332274734974,
        0.6179783105850221,
        0.5019561514258385,
        0.5266137845814228,
        0.43289469629526145,
        0.4352783188223838,
        0.40035986155271525
    ],
    "train_accs": [
        0.4194711538461536,
        0.56167646011396,
        0.624666132478633,
        0.6626825142450142,
        0.6886796652421645,
        0.70980235042735,
        0.7298566595441595,
        0.7416533119658109,
        0.7622863247863251,
        0.7769319800569806,
        0.7938924501424494,
        0.8055555555555548,
        0.8183315527065518,
        0.8341346153846152,
        0.8454861111111106
    ],
    "valid_accs": [
        0.5130859375000001,
        0.592578125,
        0.64609375,
        0.7062500000000002,
        0.7234374999999997,
        0.7398437499999997,
        0.7419921875000001,
        0.7595703125000003,
        0.7749999999999999,
        0.7822265625000001,
        0.8291015625,
        0.8117187499999999,
        0.8521484374999999,
        0.8443359375000001,
        0.8609375
    ],
    "test_loss": 0.7472116011607491,
    "test_acc": 0.7518789556962024
}