{
    "train_losses": [
        1.8947049596710421,
        1.764819265430809,
        1.7241272328585977,
        1.6820923833765542,
        1.6643425324703538,
        1.644851317432871,
        1.6242346838328907,
        1.6041589741014,
        1.5927828703171178,
        1.5836502921547306,
        1.5690070434852883,
        1.556972442189513,
        1.5477806903697833,
        1.542959720320849,
        1.5331484395214625
    ],
    "valid_losses": [
        1.810005649924278,
        1.7246464729309086,
        1.6950085222721105,
        1.6544282764196399,
        1.644788551330567,
        1.5979254573583603,
        1.577135196328163,
        1.5796411007642748,
        1.5633265674114227,
        1.5599904626607897,
        1.551293733716011,
        1.5161003440618515,
        1.5191357433795931,
        1.5004734039306642,
        1.5103920400142667
    ],
    "train_accs": [
        0.3315081908831906,
        0.3857727920227918,
        0.3972578347578349,
        0.41076834045584043,
        0.4186253561253562,
        0.42694978632478603,
        0.4320023148148153,
        0.43607549857549854,
        0.44181801994302,
        0.44339832621082625,
        0.44540153133903093,
        0.45216791310541327,
        0.45604077635327595,
        0.4566639957264958,
        0.4603587962962964
    ],
    "valid_accs": [
        0.3626953125000001,
        0.40488281249999997,
        0.4097656250000001,
        0.4175781249999999,
        0.4318359375,
        0.4388671874999999,
        0.4466796874999999,
        0.4517578124999999,
        0.44062499999999993,
        0.44726562500000006,
        0.4601562500000001,
        0.47402343750000003,
        0.46640625,
        0.47832031250000007,
        0.47226562499999997
    ],
    "test_loss": 1.549388281906707,
    "test_acc": 0.4500593354430378
}