{
    "train_losses": [
        1.3084405633459073,
        0.9071730979827048,
        0.7384793702353782,
        0.6403315016347121,
        0.5642317574248359,
        0.5041038973888442,
        0.4595555911886048,
        0.4207200318829626,
        0.3827693857613452,
        0.35207277935454623,
        0.3204814920313339,
        0.2938115323371018,
        0.26943683448085753,
        0.2522907770130029,
        0.2268830751761412
    ],
    "valid_losses": [
        1.2147477969527245,
        0.814930126070976,
        0.6816468179225922,
        0.5621058799326419,
        0.5549077272415163,
        0.4736143939197064,
        0.5799687057733535,
        0.5220110952854156,
        0.3613497655838728,
        0.3802038963884115,
        0.27058637998998164,
        0.24896399453282358,
        0.26690875254571444,
        0.19698266424238683,
        0.2045591233298182
    ],
    "train_accs": [
        0.5259748931623932,
        0.6792200854700855,
        0.7442574786324778,
        0.7766426282051281,
        0.8058449074074061,
        0.8244301994301985,
        0.841346153846153,
        0.8539663461538461,
        0.8679220085470092,
        0.8774261039886044,
        0.8893117877492882,
        0.896300747863247,
        0.9066506410256401,
        0.910234152421652,
        0.9215411324786313
    ],
    "valid_accs": [
        0.56796875,
        0.7123046875,
        0.7578125,
        0.8156249999999998,
        0.8074218749999997,
        0.833984375,
        0.8130859375,
        0.8257812500000002,
        0.8755859375000001,
        0.874609375,
        0.9119140625000001,
        0.9138671875000003,
        0.9107421875,
        0.9380859375,
        0.9310546875000001
    ],
    "test_loss": 0.5284061726135544,
    "test_acc": 0.8438488924050632
}