{
    "train_times": [
        46.23641777038574,
        45.79488658905029,
        60.982380628585815,
        61.33608078956604,
        60.897177934646606,
        61.49395489692688,
        61.15590786933899,
        61.511054039001465,
        61.545584201812744,
        61.219836950302124,
        61.55091381072998,
        61.56681513786316,
        61.40436935424805,
        61.89116168022156,
        61.11723041534424
    ],
    "valid_times": [
        2.018738031387329,
        2.684758424758911,
        2.7452991008758545,
        2.7429628372192383,
        2.7034130096435547,
        2.7461745738983154,
        2.7539427280426025,
        2.7245676517486572,
        2.7229769229888916,
        2.7609076499938965,
        2.7849462032318115,
        2.7418453693389893,
        2.7697107791900635,
        2.774129629135132,
        2.742061138153076
    ],
    "train_losses": [
        1.6665654647723898,
        1.2731247922973408,
        1.1139214038848875,
        0.9990461903419927,
        0.9206049182476137,
        0.8586155074274434,
        0.796794613711854,
        0.7520682922116027,
        0.7000308064823485,
        0.6526260758057616,
        0.6070145247159184,
        0.5677947409642046,
        0.516210647984448,
        0.4800396857098636,
        0.438029586674481
    ],
    "valid_losses": [
        1.3760048806667329,
        1.1742522165179252,
        0.9925313189625738,
        0.8961936116218565,
        0.8546550408005713,
        0.8240905970335005,
        0.7852264851331711,
        0.6851679153740408,
        0.652332516759634,
        0.6124931693077088,
        0.5631371028721331,
        0.49008606821298595,
        0.4725825555622578,
        0.49434687793254867,
        0.3754253040999174
    ],
    "train_accs": [
        0.39799234330484307,
        0.5425792378917382,
        0.6040108618233613,
        0.6461894586894584,
        0.6747462606837601,
        0.6952234686609681,
        0.7204193376068369,
        0.7359998219373218,
        0.7540064102564097,
        0.7696314102564096,
        0.7855235042735031,
        0.8004139957264955,
        0.8167957621082603,
        0.8307514245014234,
        0.8449074074074064
    ],
    "valid_accs": [
        0.500390625,
        0.5900390624999999,
        0.64921875,
        0.6925781249999999,
        0.7078125000000002,
        0.7060546874999998,
        0.7289062500000001,
        0.7580078125,
        0.7767578124999999,
        0.7880859375,
        0.8074218750000002,
        0.8279296875000002,
        0.8324218749999998,
        0.8296875,
        0.8716796875000002
    ],
    "test_loss": 0.720342617246169,
    "test_acc": 0.7635482594936711
}