{
    "train_losses": [
        2.387314947921665,
        1.7551378901527805,
        1.5308570573132945,
        1.3574284970590522,
        1.2289030616439636,
        1.1267712041523386,
        1.0391707055249446,
        0.9791129795234766,
        0.915031494238438,
        0.8683137565936119,
        0.8167343384180306,
        0.7914516098818549,
        0.7497941415194431,
        0.7261991042357223,
        0.6743217942721487
    ],
    "valid_losses": [
        1.9797832846641543,
        1.6943349123001104,
        1.5854554921388628,
        1.4673441320657727,
        1.2732129961252212,
        1.141953957080841,
        1.4481135785579677,
        0.9465275913476945,
        1.0501907989382746,
        0.8283663481473925,
        0.7627338744699955,
        0.7880063630640506,
        0.6368963293731214,
        0.6842244386672973,
        0.8264413416385652
    ],
    "train_accs": [
        0.15478098290598286,
        0.31788639601139573,
        0.41619925213675196,
        0.4965277777777778,
        0.552461716524217,
        0.5952190170940169,
        0.6319889601139602,
        0.6569845085470079,
        0.6847622863247861,
        0.7003427706552698,
        0.7220219017094005,
        0.7322382478632472,
        0.7494658119658119,
        0.7579460470085466,
        0.7804264601139596
    ],
    "valid_accs": [
        0.2625,
        0.3572265625,
        0.42421875000000003,
        0.46660156249999996,
        0.5599609375,
        0.6091796875,
        0.5755859374999999,
        0.6708984375000001,
        0.6578125,
        0.721484375,
        0.7402343749999999,
        0.7376953125000001,
        0.7787109375,
        0.7730468749999998,
        0.7556640625
    ],
    "test_loss": 0.95290770787227,
    "test_acc": 0.7273536392405062
}