{
    "train_times": [
        22.955354928970337,
        21.696900844573975,
        21.5296049118042,
        21.614394903182983,
        21.522372484207153,
        21.51880979537964,
        21.60806655883789,
        21.466641187667847,
        21.56002688407898,
        21.487927198410034,
        21.610321283340454,
        21.66663932800293,
        23.630216121673584,
        25.759474515914917,
        25.633722066879272
    ],
    "valid_times": [
        1.0699303150177002,
        1.0613744258880615,
        1.0498111248016357,
        1.1018686294555664,
        1.0935070514678955,
        1.0483391284942627,
        1.0783214569091797,
        1.0743436813354492,
        1.0607073307037354,
        1.068410873413086,
        1.1040046215057373,
        1.0975747108459473,
        1.2931427955627441,
        1.3012206554412842,
        1.3075346946716309
    ],
    "train_losses": [
        1.5911710364186866,
        1.2229512865387135,
        1.0591542622302672,
        0.950289321930659,
        0.8806571434026432,
        0.8202261809270267,
        0.7691366983275124,
        0.7251097381624404,
        0.6758411385734537,
        0.6360392190961756,
        0.5854197793197088,
        0.5540970957007505,
        0.5122278066102599,
        0.47188752838689035,
        0.43596014304038794
    ],
    "valid_losses": [
        1.332447311282158,
        1.1545207977294922,
        0.9893058791756629,
        0.8462848931550979,
        0.7955823108553887,
        0.756149458885193,
        0.7462828889489173,
        0.6757312417030336,
        0.6405383080244065,
        0.6179472692310809,
        0.5019534938037394,
        0.5266252361238002,
        0.43289411738514894,
        0.4352627713233232,
        0.40037607997655866
    ],
    "train_accs": [
        0.4194711538461536,
        0.5616542022792022,
        0.624666132478633,
        0.6626825142450142,
        0.6886796652421645,
        0.70980235042735,
        0.7298121438746438,
        0.7416087962962952,
        0.7623085826210829,
        0.7769319800569806,
        0.7938701923076915,
        0.805533297720797,
        0.8183092948717939,
        0.8342013888888886,
        0.8455306267806264
    ],
    "valid_accs": [
        0.512890625,
        0.592578125,
        0.646484375,
        0.7062500000000002,
        0.7234374999999997,
        0.7398437499999997,
        0.7419921875000001,
        0.7595703125000003,
        0.7749999999999999,
        0.7822265625000001,
        0.8291015625,
        0.8117187499999999,
        0.8521484374999999,
        0.8443359375000001,
        0.8609375
    ],
    "test_loss": 0.747227171553841,
    "test_acc": 0.7516811708860758
}