{
    "train_times": [
        27.301613330841064,
        26.69705605506897,
        26.72399640083313,
        26.79095983505249,
        26.870673894882202,
        26.412669897079468,
        27.950584173202515,
        28.242992639541626,
        35.62982988357544,
        36.61105442047119,
        36.835453271865845,
        36.84222912788391,
        36.9361617565155,
        37.25460767745972,
        37.03686189651489
    ],
    "valid_times": [
        1.3234264850616455,
        1.1975808143615723,
        1.2634692192077637,
        1.3347904682159424,
        1.3078958988189697,
        1.347139835357666,
        1.4104907512664795,
        1.3629553318023682,
        1.7875761985778809,
        1.678356409072876,
        1.8123512268066406,
        1.7110567092895508,
        1.6996328830718994,
        1.8461790084838867,
        1.7357592582702637
    ],
    "train_losses": [
        1.5911770743182585,
        1.222943927317943,
        1.0591601963736057,
        0.9502525949410225,
        0.8806835282222489,
        0.8202725873034223,
        0.7691587603669564,
        0.7252450169321479,
        0.6759119611180406,
        0.6359583825467318,
        0.5848814576779341,
        0.5541296847525482,
        0.5126084266734597,
        0.47150513597703037,
        0.4358908970471456
    ],
    "valid_losses": [
        1.3325138449668883,
        1.1545550704002379,
        0.9904809877276423,
        0.8463887467980385,
        0.7957164332270624,
        0.7561466544866562,
        0.746602275967598,
        0.6741854652762412,
        0.6395045168697834,
        0.6182369917631149,
        0.5015418209135533,
        0.5278421178460121,
        0.43438987210392954,
        0.43616485223174106,
        0.4101838119328022
    ],
    "train_accs": [
        0.4194488960113958,
        0.5616542022792019,
        0.6246883903133907,
        0.6628383190883191,
        0.6886796652421645,
        0.7096020299145299,
        0.7295227920227916,
        0.7418313746438737,
        0.7619301994301991,
        0.7775774572649574,
        0.7938256766381757,
        0.8057336182336182,
        0.8177528490028483,
        0.8341346153846151,
        0.8450854700854697
    ],
    "valid_accs": [
        0.512890625,
        0.592578125,
        0.6478515625000001,
        0.7068359375000001,
        0.72421875,
        0.7402343750000001,
        0.7421875,
        0.7615234375000004,
        0.7730468750000004,
        0.7798828125,
        0.8275390625000002,
        0.8113281250000001,
        0.8480468749999999,
        0.8423828124999999,
        0.8568359374999999
    ],
    "test_loss": 0.7555087487908859,
    "test_acc": 0.748022151898734
}