{
    "train_losses": [
        1.3105790896972707,
        0.9026480500514691,
        0.7346931852166808,
        0.6324977006158262,
        0.5547716241446653,
        0.5039291249381169,
        0.45283103226936094,
        0.42031152372346614,
        0.37295157447499805,
        0.34690041738188154,
        0.3180917394042353,
        0.2946181156569057,
        0.27508626243582474,
        0.24559383045489297,
        0.22399790608390424
    ],
    "valid_losses": [
        0.984643118083477,
        0.8166797682642936,
        0.7609642311930658,
        0.5778943896293642,
        0.4929538741707802,
        0.43189141377806667,
        0.5267621882259844,
        0.46381730437278745,
        0.3346327122300862,
        0.3413564894348383,
        0.27482463456690315,
        0.25708558149635785,
        0.23683003019541504,
        0.2042941056191921,
        0.2361895930022001
    ],
    "train_accs": [
        0.5263087606837603,
        0.6817574786324788,
        0.7451255341880335,
        0.780270655270655,
        0.809116809116808,
        0.8247195512820507,
        0.8424367877492867,
        0.854456018518518,
        0.8711939102564114,
        0.8802528490028494,
        0.8916488603988605,
        0.8982594373219369,
        0.9045138888888882,
        0.916421830484329,
        0.9213408119658113
    ],
    "valid_accs": [
        0.645703125,
        0.714453125,
        0.7273437500000003,
        0.803125,
        0.8283203124999997,
        0.8470703124999999,
        0.8298828125,
        0.8431640624999999,
        0.8841796875,
        0.8874999999999997,
        0.90703125,
        0.9136718749999999,
        0.9228515625000003,
        0.9314453124999998,
        0.9191406249999998
    ],
    "test_loss": 0.5576327482733542,
    "test_acc": 0.8359374999999998
}