{
    "train_times": [
        30.67911148071289,
        29.524446487426758,
        29.5294406414032,
        29.754982709884644,
        29.47695755958557,
        29.09549856185913,
        28.99766206741333,
        29.140416622161865,
        29.47377848625183,
        28.760252237319946,
        29.95294165611267,
        28.671966075897217,
        28.825918197631836,
        28.70822310447693,
        29.323957920074463
    ],
    "valid_times": [
        1.3054492473602295,
        1.2018768787384033,
        1.2267892360687256,
        1.3317890167236328,
        1.198821783065796,
        1.2761507034301758,
        1.2509934902191162,
        1.2925727367401123,
        1.3623325824737549,
        1.2144675254821777,
        1.3767039775848389,
        1.22273588180542,
        1.2368559837341309,
        1.4006233215332031,
        1.2347407341003418
    ],
    "train_losses": [
        1.4263464001848496,
        0.9350660672554594,
        0.7227139232674895,
        0.6101431691239021,
        0.532463359187471,
        0.4730955273167699,
        0.42354263484138355,
        0.39030098528773716,
        0.3518550808613115,
        0.3216068173660512,
        0.29840370397112664,
        0.27100080629529444,
        0.2513649936797272,
        0.22885566062567234,
        0.21165943012023591
    ],
    "valid_losses": [
        1.0389667034149168,
        0.8017847195267676,
        0.7743311643600465,
        0.5802709102630615,
        0.5015750907361507,
        0.5054175034165383,
        0.49217303991317757,
        0.42039109393954277,
        0.3947423920035362,
        0.2998320814222097,
        0.2304951518774033,
        0.28597840145230297,
        0.20586609281599527,
        0.2139393344521523,
        0.20322399735450747
    ],
    "train_accs": [
        0.48257211538461536,
        0.6675124643874643,
        0.7473290598290598,
        0.7857238247863237,
        0.814191595441595,
        0.8369613603988595,
        0.8534989316239316,
        0.8646723646723646,
        0.8794070512820509,
        0.8875534188034195,
        0.8959668803418801,
        0.9052483974358974,
        0.9120592948717942,
        0.9199830840455827,
        0.9259704415954408
    ],
    "valid_accs": [
        0.6296875,
        0.7214843749999997,
        0.7371093750000002,
        0.7992187499999998,
        0.8265625000000001,
        0.8314453125,
        0.8375,
        0.8535156250000001,
        0.8679687500000002,
        0.899609375,
        0.9226562499999998,
        0.8988281250000001,
        0.9267578125,
        0.9265625,
        0.9308593749999997
    ],
    "test_loss": 0.4465071049672139,
    "test_acc": 0.8677808544303796
}