{
    "train_losses": [
        1.3554933762278658,
        1.0086707887146893,
        0.8355474847334404,
        0.7301662099836896,
        0.6450558358278033,
        0.5796855161672306,
        0.5223637263999027,
        0.47868020548100465,
        0.43487309352455,
        0.3982764512215582,
        0.3623708923403015,
        0.3349593840857856,
        0.31082999960989005,
        0.28242562554161094,
        0.2611055343579022
    ],
    "valid_losses": [
        1.0928641378879547,
        0.9154870301485063,
        0.7218874365091323,
        0.6381353892385959,
        0.5542578898370266,
        0.5305968537926675,
        0.5968459993600844,
        0.444967534393072,
        0.3877017401158809,
        0.33872554972767843,
        0.32070017270743856,
        0.3109811805188656,
        0.31008922420442103,
        0.2593570463359356,
        0.2301110740751028
    ],
    "train_accs": [
        0.5081463675213675,
        0.641537571225071,
        0.704059829059829,
        0.7426326566951564,
        0.7732594373219374,
        0.797453703703702,
        0.8176415598290592,
        0.8307959401709387,
        0.848179309116808,
        0.8608662749287738,
        0.8734419515669523,
        0.883569266381767,
        0.8896011396011398,
        0.9001068376068377,
        0.9089654558404556
    ],
    "valid_accs": [
        0.6171874999999999,
        0.6761718750000001,
        0.7548828125000001,
        0.7802734375,
        0.8027343749999999,
        0.8164062500000002,
        0.8011718749999999,
        0.8486328125,
        0.8693359374999998,
        0.8830078125,
        0.8910156249999996,
        0.892578125,
        0.8955078125,
        0.9103515625,
        0.9251953124999995
    ],
    "test_loss": 0.6499232140522969,
    "test_acc": 0.8076542721518989
}