{
    "train_times": [
        37.004884243011475,
        35.95162272453308,
        35.982320070266724,
        36.02624320983887,
        36.05718731880188,
        36.067102670669556,
        36.09129548072815,
        36.119561433792114,
        36.12567901611328,
        36.157472372055054,
        36.1793851852417,
        36.163758516311646,
        36.1882598400116,
        36.223448276519775,
        36.52052402496338
    ],
    "valid_times": [
        1.615584373474121,
        1.5823769569396973,
        1.5770106315612793,
        1.5841305255889893,
        1.5751547813415527,
        1.5902295112609863,
        1.5797653198242188,
        1.583388328552246,
        1.584477424621582,
        1.589451551437378,
        1.5861265659332275,
        1.5869371891021729,
        1.589667797088623,
        1.600586175918579,
        1.6058647632598877
    ],
    "train_losses": [
        1.5928652160867316,
        1.2619457657520583,
        1.1421752685834887,
        1.0507022266374357,
        0.9627282318905889,
        0.8949968952399036,
        0.8301939724856973,
        0.7764554083177502,
        0.7189485797515279,
        0.6723416439997842,
        0.6290368104931972,
        0.5815078140663625,
        0.543066435305142,
        0.49842249082024626,
        0.45034355184121655
    ],
    "valid_losses": [
        1.3649291276931759,
        1.169507673382759,
        1.055289912223816,
        0.9977470636367799,
        0.8992058441042899,
        0.8149283185601233,
        0.7952195554971695,
        0.7289861321449279,
        0.6671712219715119,
        0.6282376430928706,
        0.5865520715713503,
        0.5773734025657176,
        0.5252510860562324,
        0.47314241454005246,
        0.4917266577482225
    ],
    "train_accs": [
        0.4199608262108259,
        0.5490117521367524,
        0.5909677706552705,
        0.6256009615384617,
        0.6595664173789172,
        0.6816684472934464,
        0.705907229344729,
        0.724358974358974,
        0.7445023148148141,
        0.7633547008547005,
        0.7777777777777779,
        0.7936253561253558,
        0.8060229700854692,
        0.8249198717948703,
        0.8399661680911668
    ],
    "valid_accs": [
        0.5107421874999999,
        0.5824218750000002,
        0.6310546875,
        0.6505859375000003,
        0.6830078125,
        0.7101562499999999,
        0.7189453124999999,
        0.7486328124999999,
        0.7640624999999999,
        0.7779296875,
        0.7974609375000001,
        0.7955078125,
        0.819140625,
        0.8330078125000002,
        0.8226562499999999
    ],
    "test_loss": 0.8754466772079469,
    "test_acc": 0.7196400316455699
}