{
    "train_times": [
        107.99739527702332,
        107.39799451828003,
        107.68884038925171,
        107.95671200752258,
        108.86574530601501,
        109.87903165817261,
        111.10966634750366,
        110.67764925956726,
        110.85849785804749,
        110.08018112182617,
        110.13928961753845,
        110.21202778816223,
        110.17756938934326,
        110.14327192306519,
        110.17736506462097
    ],
    "valid_times": [
        4.503024578094482,
        4.4790732860565186,
        4.498993635177612,
        4.5303144454956055,
        4.612755060195923,
        4.614508628845215,
        4.673060655593872,
        4.6935789585113525,
        4.574315786361694,
        4.575432538986206,
        4.5986127853393555,
        4.599498987197876,
        4.6264495849609375,
        4.596477508544922,
        4.614179611206055
    ],
    "train_losses": [
        1.6448459129387822,
        1.3755185549755051,
        1.2738083291936813,
        1.2122439156230704,
        1.1512845664622102,
        1.105462839630595,
        1.0624943205773658,
        1.017606062766834,
        0.9833890580044163,
        0.9422999679872455,
        0.8981629175338309,
        0.8691383525516904,
        0.8246512599820086,
        0.7873822224785464,
        0.7542385683100443
    ],
    "valid_losses": [
        1.3926949739456176,
        1.317370763421059,
        1.196784773468971,
        1.1445781514048576,
        1.0356566563248635,
        1.0324204981327054,
        0.9764905974268913,
        0.9141906216740607,
        0.8785097256302833,
        0.8452606871724127,
        0.7892920270562173,
        0.7624564185738563,
        0.7281376764178277,
        0.6955732539296151,
        0.6570063330233096
    ],
    "train_accs": [
        0.40520388176638156,
        0.5075676638176642,
        0.5450275997150996,
        0.5688434829059829,
        0.5907674501424502,
        0.6058137464387459,
        0.6231971153846153,
        0.6394898504273502,
        0.6473468660968652,
        0.6645744301994306,
        0.6800881410256406,
        0.6922854344729353,
        0.7069756054131047,
        0.7202412749287745,
        0.7318153490028482
    ],
    "valid_accs": [
        0.5087890624999999,
        0.5248046875,
        0.5716796874999999,
        0.5982421875000001,
        0.6416015624999999,
        0.6302734375,
        0.6566406249999999,
        0.6716796875,
        0.6947265625000002,
        0.7013671874999999,
        0.7236328124999999,
        0.7386718750000001,
        0.7449218749999998,
        0.7607421874999999,
        0.7728515625
    ],
    "test_loss": 1.0125489702707606,
    "test_acc": 0.6447784810126582
}