{
    "train_losses": [
        1.3142699150957606,
        0.9145204241459185,
        0.7467460110995847,
        0.6449600301916445,
        0.5591082445576661,
        0.5064270774863048,
        0.45631495941738126,
        0.4215764983257334,
        0.3780831847859926,
        0.3535103436633732,
        0.32309176397119843,
        0.29311347566014306,
        0.27008351152948523,
        0.24617953418072122,
        0.22882460887700404
    ],
    "valid_losses": [
        1.239335648715496,
        0.7934178940951822,
        0.6548883631825447,
        0.5401006996631622,
        0.5242008052766324,
        0.4236691720783711,
        0.5354086160659789,
        0.5013414509594442,
        0.3751902289688588,
        0.36444832794368276,
        0.29121352992951866,
        0.2655752383172512,
        0.2519992258399725,
        0.22217801883816718,
        0.2144323969259858
    ],
    "train_accs": [
        0.5232371794871796,
        0.6765936609686612,
        0.7404959045584041,
        0.7753071581196571,
        0.8057781339031327,
        0.8245192307692291,
        0.8407451923076922,
        0.8547231125356126,
        0.8691461894586899,
        0.8781160968660968,
        0.8874643874643874,
        0.8978365384615379,
        0.906027421652421,
        0.913617343304842,
        0.9193598646723631
    ],
    "valid_accs": [
        0.5722656250000001,
        0.7197265625,
        0.7707031249999999,
        0.808984375,
        0.8189453125,
        0.8580078125000002,
        0.8193359375000002,
        0.840625,
        0.865234375,
        0.8753906249999999,
        0.9042968750000002,
        0.9097656249999998,
        0.9212890625000002,
        0.91953125,
        0.9285156250000001
    ],
    "test_loss": 0.5411260605235645,
    "test_acc": 0.8436511075949364
}