{
    "train_losses": [
        1.8263608098369704,
        1.614666044202626,
        1.524653744493794,
        1.4625930724999854,
        1.4163431391077501,
        1.370630030278806,
        1.3382262494149721,
        1.305119963113398,
        1.2781796761048148,
        1.253554117645634,
        1.2359127938917225,
        1.2141620757912628,
        1.189008655201676,
        1.1740574052191197,
        1.1539865632002844
    ],
    "valid_losses": [
        1.661088693141937,
        1.5344998389482503,
        1.4758446812629695,
        1.3957386583089828,
        1.3442580729722975,
        1.3026591897010802,
        1.2593913823366165,
        1.270402225852013,
        1.2068481281399728,
        1.1819192335009576,
        1.185007959604263,
        1.1738642960786823,
        1.107735089957714,
        1.1267952278256415,
        1.0816302746534345
    ],
    "train_accs": [
        0.3486467236467232,
        0.4252136752136747,
        0.45875623219373224,
        0.4807024572649572,
        0.49875356125356135,
        0.5134882478632479,
        0.5266426282051283,
        0.5386841168091165,
        0.5463853276353275,
        0.554954594017094,
        0.5604300213675211,
        0.568108974358975,
        0.5764556623931627,
        0.5832665598290602,
        0.5894542378917376
    ],
    "valid_accs": [
        0.41972656250000007,
        0.46386718749999983,
        0.48027343749999996,
        0.5078125,
        0.5249999999999999,
        0.5441406249999999,
        0.5546875000000001,
        0.5498046874999998,
        0.57578125,
        0.5837890625,
        0.5814453125000001,
        0.5869140625,
        0.6066406249999998,
        0.601171875,
        0.6124999999999999
    ],
    "test_loss": 1.2715496896188467,
    "test_acc": 0.5538963607594939
}