{
    "train_losses": [
        2.06804342487259,
        1.6432161534953333,
        1.4459961282561655,
        1.3193612764363956,
        1.2349369174394838,
        1.163801510619302,
        1.1098968756844172,
        1.0732730817251401,
        1.0272277293042245,
        1.0080935882027675,
        0.9605488106396127,
        0.9405315131203744,
        0.9101371065503847,
        0.8727196054241252,
        0.8628937320152227
    ],
    "valid_losses": [
        1.8273656129837041,
        1.5180684536695481,
        1.3747607946395872,
        1.2407728821039197,
        1.1500420391559605,
        1.0879539817571637,
        1.0536174103617668,
        1.0312273472547533,
        0.9977293714880945,
        0.9621752217411995,
        0.909331488609314,
        0.9248301073908805,
        0.8462700426578522,
        0.8023403421044351,
        0.8195391461253166
    ],
    "train_accs": [
        0.23900462962962932,
        0.4065170940170936,
        0.47941150284900325,
        0.5251736111111114,
        0.5578035968660973,
        0.5852029914529914,
        0.6035211894586893,
        0.6188790954415953,
        0.63764245014245,
        0.6430511039886035,
        0.6579638532763534,
        0.667267628205128,
        0.6778623575498575,
        0.6902822293447298,
        0.6928641381766381
    ],
    "valid_accs": [
        0.33984375000000006,
        0.45332031249999993,
        0.5128906249999999,
        0.5689453124999999,
        0.5906249999999997,
        0.6134765624999998,
        0.6357421875000002,
        0.6300781249999998,
        0.64921875,
        0.6734375000000001,
        0.6738281249999998,
        0.6755859375000001,
        0.703125,
        0.716796875,
        0.7050781249999999
    ],
    "test_loss": 0.9748667984069149,
    "test_acc": 0.6546677215189874
}