{
    "train_losses": [
        1.7380545991778027,
        1.2344367711292712,
        1.0195390183022226,
        0.86758259168038,
        0.7415777818429844,
        0.6610195131553203,
        0.5828730379923793,
        0.5353023070215839,
        0.4843658611305762,
        0.4456184313677652,
        0.4020669342276037,
        0.37864354634896297,
        0.3504821276902473,
        0.3203121757829971,
        0.2982112551771338
    ],
    "valid_losses": [
        1.482133734226227,
        1.054392820596695,
        0.9466179490089418,
        0.8183325052261354,
        0.6647144734859466,
        0.6119257621467115,
        0.6940170019865037,
        0.5521721392869949,
        0.5168880119919778,
        0.42143572792410855,
        0.3567306827753782,
        0.3509739208966494,
        0.3210892748087643,
        0.29938585087656977,
        0.2770492155104876
    ],
    "train_accs": [
        0.37061520655270663,
        0.5530181623931624,
        0.6389111467236461,
        0.6937989672364664,
        0.7404291310541306,
        0.7673388532763525,
        0.798455306267805,
        0.8135461182336177,
        0.8325097934472927,
        0.8444845085470082,
        0.8596866096866094,
        0.8672987891737893,
        0.8778935185185194,
        0.8875756766381767,
        0.8957665598290592
    ],
    "valid_accs": [
        0.4736328125,
        0.6199218750000001,
        0.67265625,
        0.7134765624999998,
        0.7716796875,
        0.7859375,
        0.7732421875000001,
        0.8115234375000002,
        0.8275390625,
        0.8566406249999999,
        0.88125,
        0.8818359374999999,
        0.8953125,
        0.894140625,
        0.9142578125
    ],
    "test_loss": 0.6144365977637375,
    "test_acc": 0.8190268987341771
}